facebookUrl,profileName,date,text,label,
https://www.facebook.com/photo/?fbid=918611456287683&set=a.287849549363880,Veity Mantik,2023-09-01T12:55:51.000Z,Semoga sehat selalu,Ham,140
https://www.facebook.com/photo/?fbid=918611456287683&set=a.287849549363880,Mesara Ina Tana,2023-09-06T02:54:26.000Z,SLM SEHAT SLL DARI SY DI NTT. SUKSES SLL PAK RAFI AHMAD SEK.🙏🙏,Ham,310
https://www.facebook.com/photo/?fbid=918611456287683&set=a.287849549363880,Mula La,2023-09-02T04:41:19.000Z,Hadir..moga sehat sekeluarga bos raffi..,Ham,
https://www.facebook.com/photo/?fbid=918611456287683&set=a.287849549363880,Zaskia Gotik,2023-09-01T12:09:51.000Z,Si ganteng ♥️,Ham,
https://www.facebook.com/photo/?fbid=918611456287683&set=a.287849549363880,Asri Amsini,2023-09-01T00:18:33.000Z,Si ganteng,Ham,
https://www.facebook.com/photo/?fbid=918611456287683&set=a.287849549363880,Alfa Allfaa,2023-09-06T12:42:54.000Z,Rafarar meni kasep pisan...salam sehat sll y tuk keluarga A Raffi and mba Gigi,Spam,
https://www.facebook.com/photo/?fbid=918611456287683&set=a.287849549363880,Ling Lamus Le,2023-09-06T14:01:26.000Z,Salam sehat selalu ya,Ham,
https://www.facebook.com/photo/?fbid=918611456287683&set=a.287849549363880,Simpleboi comedy,2023-08-31T15:13:57.000Z,Count me in,Spam,
https://www.facebook.com/photo/?fbid=918611456287683&set=a.287849549363880,Uti Parmi,2023-09-06T05:54:44.000Z,Sehat sll Aa Rafatar dn mm Gigi,Ham,
https://www.facebook.com/photo/?fbid=918611456287683&set=a.287849549363880,Tong Kitu Baraya,2023-09-06T05:58:01.000Z,Sehat slalu mamah gigi sekeluarga...Aamiin,Ham,
https://www.facebook.com/photo/?fbid=918611456287683&set=a.287849549363880,Bundy Pipih,2023-08-31T23:20:19.000Z,Sehat selalu mama gigi & keluarga,Ham,
https://www.facebook.com/photo/?fbid=918611456287683&set=a.287849549363880,Kartin Karim,2023-08-31T18:52:46.000Z,Sehat selalu kel RANS,Ham,
https://www.facebook.com/photo/?fbid=918611456287683&set=a.287849549363880,Ncie Ncie,2023-09-06T02:20:49.000Z,"Gantengnya Aa🥰
Sehat sll keluarga mama gigi",Ham,
https://www.facebook.com/photo/?fbid=918611456287683&set=a.287849549363880,Marlita Bigem,2023-09-06T05:41:00.000Z,Sehat terus ya mama gigi n AA Raffi n sukses teeus,Ham,
https://www.facebook.com/photo/?fbid=918611456287683&set=a.287849549363880,Muli,2023-08-31T15:15:15.000Z,Senyum gigi,Ham,
https://www.facebook.com/photo/?fbid=918611456287683&set=a.287849549363880,Tina Maryani,2023-09-06T12:36:46.000Z,masyallah anak bujang mama gigi,Ham,
https://www.facebook.com/photo/?fbid=918611456287683&set=a.287849549363880,Salamah Hardiana,2023-08-31T15:15:45.000Z,Si kembar,Ham,
https://www.facebook.com/photo/?fbid=918611456287683&set=a.287849549363880,Chendoll Dawett,2023-08-31T22:01:01.000Z,Cantik bgt mama gigi,Ham,
https://www.facebook.com/photo/?fbid=918611456287683&set=a.287849549363880,Purwanti Purwanti,2023-09-06T10:38:01.000Z,AA rafatar dan mbk gigi semoga sehat selalu,Ham,
https://www.facebook.com/photo/?fbid=918611456287683&set=a.287849549363880,Taofik Akrom,2023-09-04T06:51:59.000Z,Semoga sehat mbak Nagita,Ham,
https://www.facebook.com/photo/?fbid=918611456287683&set=a.287849549363880,Arizka Nuraini,2023-09-03T23:22:03.000Z,Rafatharr,Ham,
https://www.facebook.com/photo/?fbid=918611456287683&set=a.287849549363880,Zaradeasilvia,2023-09-02T12:14:24.000Z,semoga sehat selalu,Ham,
https://www.facebook.com/photo/?fbid=918611456287683&set=a.287849549363880,Rifky Rambu Anarky,2023-09-01T02:06:35.000Z,Cakepp,Ham,
https://www.facebook.com/photo/?fbid=918611456287683&set=a.287849549363880,Suemi Paputungan,2023-09-06T06:36:53.000Z,Cantiik den ganteng,Ham,
https://www.facebook.com/photo/?fbid=918611456287683&set=a.287849549363880,Denny Cantona,2023-09-01T02:37:40.000Z,Rafatar n mamah nya sehat trs y ...aamiin y rob..,Ham,
https://www.facebook.com/photo/?fbid=918611456287683&set=a.287849549363880,Younk Melbert,2023-08-31T22:29:05.000Z,"Mudah2an gw sehat selalu,biar liat rafatar gedenya seperti ap,dan ortunya juga tuanya ky mana,dan masih bisa kah nyobain rezekinya sampai dia tua hehehe...",Ham,
https://www.facebook.com/photo/?fbid=918611456287683&set=a.287849549363880,Mas Moto,2023-09-06T15:49:25.000Z,"Bahagia slalu, aamiin yaa robbal aalamiin",Ham,
https://www.facebook.com/photo/?fbid=918611456287683&set=a.287849549363880,Mas Runze,2023-09-06T14:54:22.000Z,Mbak Gigi dan Adik Rafatar 😃👍,Ham,
https://www.facebook.com/photo/?fbid=918611456287683&set=a.287849549363880,Jhihan Khaira Zaqdi,2023-09-01T12:32:54.000Z,Semoga sehat selalu bersama keluarga kecilnya mama gigi Rafatar bersama dan cipung.,Ham,
https://www.facebook.com/photo/?fbid=918611456287683&set=a.287849549363880,Desi Purwanti,2023-09-07T01:33:07.000Z,Sehat selalu bos,Ham,
https://www.facebook.com/photo/?fbid=918611456287683&set=a.287849549363880,Shilva Ravena,2023-09-01T04:33:10.000Z,"KAKAK GIGI YG CANTIK SENYUMNYA PUN MANIS & DEDEK RAFATHAR YG GANTENG SENYUMNYA JUGA MANIS😊😊🤗. SEMOGA SEHAT SELALU, LANCAR REZEKI & USAHANYA, & SELALU DALAM LINDUNGAN ALLAH SWT. AMIN YA ROBBAL AALAMIIN🙏🏻🙏🏻🙏🏻",Ham,
https://www.facebook.com/photo/?fbid=918611456287683&set=a.287849549363880,R Syah,2023-09-03T12:06:23.000Z,Anak ganteng & ibu cantik....🥰🥰,Ham,
https://www.facebook.com/photo/?fbid=918611456287683&set=a.287849549363880,Ubed Fabian,2023-09-06T11:12:56.000Z,Keluarga raffi nagita sehat selalu. Amin,Ham,
https://www.facebook.com/photo/?fbid=918611456287683&set=a.287849549363880,Chuyrampak Chuyrampak,2023-09-01T07:01:31.000Z,Smoga sehat slalu buat ka Rafi sekeluarga amiiin,Ham,
https://www.facebook.com/photo/?fbid=918611456287683&set=a.287849549363880,Anty Anty,2023-09-06T03:11:13.000Z,Sehat slalu ank soleh,Ham,
https://www.facebook.com/photo/?fbid=918611456287683&set=a.287849549363880,Marianto Fauzan,2023-09-01T04:38:48.000Z,Sehat selalu,Ham,
https://www.facebook.com/photo/?fbid=918611456287683&set=a.287849549363880,Arshaka Khalid,2023-09-06T10:01:27.000Z,Sultan,Spam,
https://www.facebook.com/photo/?fbid=918611456287683&set=a.287849549363880,Suprio Hartono,2023-08-31T15:32:29.000Z,Semoga sukses dan sehat terus bersama keluarga.... Amin,Ham,
https://www.facebook.com/photo/?fbid=918611456287683&set=a.287849549363880,Ukiess,2023-09-04T09:26:30.000Z,Ceria amet jadi iwi jadi iwi iwi jadi iwi  😊 iwi,Spam,
https://www.facebook.com/photo/?fbid=918611456287683&set=a.287849549363880,Nia Nia,2023-09-01T14:46:43.000Z,Masakalloh Dede rapatar gantengnya sehat selalu ya Dede rapatar mama gigi Amiin 🤲🤲,Ham,
https://www.facebook.com/photo/?fbid=918611456287683&set=a.287849549363880,Sofi Ana,2023-09-01T06:51:18.000Z,Semoga sehat selalu mba Gigi dan Rafatar,Ham,
https://www.facebook.com/photo/?fbid=918611456287683&set=a.287849549363880,Qhaniyah Adelia,2023-08-31T21:32:46.000Z,Sehat selalu,Ham,
https://www.facebook.com/photo/?fbid=918611456287683&set=a.287849549363880,Sari Aulia,2023-09-06T01:56:17.000Z,Ibu terbaik untk anaknya,Ham,
https://www.facebook.com/photo/?fbid=918611456287683&set=a.287849549363880,Nonok,2023-09-07T13:48:49.000Z,Semoga awet berkeuarga bahagia selalu,Ham,
https://www.facebook.com/photo/?fbid=918611456287683&set=a.287849549363880,Bang Hanafih,2023-09-04T12:51:22.000Z,"Semoga selalu diberikan kesehatan, rezeki yg berlimpah.. .. sukses selalu untk keluarga raffi.",Ham,
https://www.facebook.com/photo/?fbid=918611456287683&set=a.287849549363880,Mujisukur,2023-09-04T15:02:33.000Z,Masya Alloh tabbarokalloh bng rafatar ngguanteng bngt,Ham,
https://www.facebook.com/photo/?fbid=918611456287683&set=a.287849549363880,Ribo Rannuwanta,2023-08-31T16:34:23.000Z,Keren,Ham,
https://www.facebook.com/photo/?fbid=918611456287683&set=a.287849549363880,Fadli Usman,2023-09-04T11:44:41.000Z,Sehat slalu,Ham,
https://www.facebook.com/photo/?fbid=918611456287683&set=a.287849549363880,Kendy Umboh,2023-09-06T07:09:22.000Z,"GBU fam..Rafi ,teruslah bermanfaat bg bnyk org 🙏👏😍😇👍",Ham,
https://www.facebook.com/photo/?fbid=918611456287683&set=a.287849549363880,Rohati Sarumaha,2023-09-06T15:04:54.000Z,Semoga sehat sll.,Ham,
https://www.facebook.com/photo/?fbid=918611456287683&set=a.287849549363880,Inn Langi,2023-09-05T23:54:33.000Z,Sehat2 selalu mm Gigi cantik dan anaknya Rafathar yang ganteng 🙏❤️😘👍,Ham,
https://www.facebook.com/photo/?fbid=918611456287683&set=a.287849549363880,Deske Tampanguma,2023-09-01T12:39:09.000Z,Halo rafatar n mam gigi,Ham,
https://www.facebook.com/photo/?fbid=918611456287683&set=a.287849549363880,Lajir Thea,2023-09-06T00:27:48.000Z,"Salam Santun👏👏👏
DO'A,terindah buat Klrga AaRaffi...
Sehat selalu Sekeluarga 👐👐👐",Ham,
https://www.facebook.com/photo/?fbid=918611456287683&set=a.287849549363880,Fauzan Hadi,2023-08-31T16:26:09.000Z,Ilove gigi,Ham,
https://www.facebook.com/photo/?fbid=918611456287683&set=a.287849549363880,Saipul Jamaludin,2023-09-01T06:14:13.000Z,Beruntung banget si Rafatar terlahir dri orang kalangan atasss ...wekk kalangan bawahh bersyukur ey laahhh 🥺,Ham,
https://www.facebook.com/photo/?fbid=918611456287683&set=a.287849549363880,Jonly Paat,2023-09-07T13:59:05.000Z,Mantap mam dng. Kaka,Spam,
https://www.facebook.com/photo/?fbid=918611456287683&set=a.287849549363880,Yuliana Nurhakim,2023-09-03T09:39:47.000Z,Semoga sehat..,Ham,
https://www.facebook.com/photo/?fbid=918611456287683&set=a.287849549363880,Chery Asty,2023-08-31T15:14:21.000Z,Shat bhg sll kak bsama klga,Ham,
https://www.facebook.com/photo/?fbid=918611456287683&set=a.287849549363880,Evie,2023-09-06T11:17:20.000Z,mama gigi yg bohay n cantiikk❤❤❤,Ham,
https://www.facebook.com/photo/?fbid=918611456287683&set=a.287849549363880,Masyita,2023-08-31T15:26:03.000Z,Masya Allah cakep nya Rafatar 🥰🥰🥰😍😍😍,Ham,
https://www.facebook.com/photo/?fbid=918611456287683&set=a.287849549363880,Lhynd Mesa,2023-09-01T08:17:05.000Z,Sehat selalu kel RANS,Ham,
https://www.facebook.com/photo/?fbid=918611456287683&set=a.287849549363880,Marci Muti,2023-09-07T11:23:31.000Z,Smga sehat,Ham,
https://www.facebook.com/photo/?fbid=918611456287683&set=a.287849549363880,Fajarsinaga,2023-09-06T01:54:39.000Z,Ganteng dan soleh,Ham,
https://www.facebook.com/photo/?fbid=918611456287683&set=a.287849549363880,Yesika Simatupang,2023-09-07T10:17:49.000Z,Semoga sehat selalu,Ham,
https://www.facebook.com/photo/?fbid=918611456287683&set=a.287849549363880,Liez Iskandar,2023-09-05T23:21:39.000Z,Ganteng AA Rafatar sehat sllu,Ham,
https://www.facebook.com/photo/?fbid=918611456287683&set=a.287849549363880,Neng Esih,2023-09-01T07:15:36.000Z,Keren banget,Ham,
https://www.facebook.com/photo/?fbid=918611456287683&set=a.287849549363880,Muria Agung La,2023-09-01T03:57:13.000Z,Sama muka ya mirip mamah gigi,Ham,
https://www.facebook.com/photo/?fbid=918611456287683&set=a.287849549363880,Yadiks Berbagi Serhat,2023-09-02T05:31:54.000Z,Mga sehat selalu,Ham,
https://www.facebook.com/photo/?fbid=918611456287683&set=a.287849549363880,Ersa Ersa,2023-09-05T07:47:00.000Z,Raffatar mirip bngt mm gigi,Ham,
https://www.facebook.com/photo/?fbid=918611456287683&set=a.287849549363880,Chandra Rahmanda,2023-08-31T15:13:43.000Z,Ya Allah,Spam,
https://www.facebook.com/photo/?fbid=918611456287683&set=a.287849549363880,Margaretha Eleanor,2023-08-31T19:10:38.000Z,Sehat Selalu keluarga Rans..,Ham,
https://www.facebook.com/photo/?fbid=918611456287683&set=a.287849549363880,Marjukikartibi Marjuki,2023-09-06T13:15:30.000Z,Semoga langgeng kake nenek Rafi dan Nagita Amin saya bisa doa in aja nga bisa kasi apa2,Spam,
https://www.facebook.com/photo/?fbid=918611456287683&set=a.287849549363880,Non Lely,2023-09-01T00:47:53.000Z,Maa syaa allah,Spam,
https://www.facebook.com/photo/?fbid=918611456287683&set=a.287849549363880,Amrullah,2023-09-06T00:21:20.000Z,Semoga sukses selalu ya aamiin 🤲 dan semoga sekeluarga sehat selalu aamiin aamiin ya rabbal alamin 🤲,Ham,
https://www.facebook.com/photo/?fbid=918611456287683&set=a.287849549363880,Anang Kumara,2023-09-01T13:31:21.000Z,Semoga sukses bosku anaknya,Ham,
https://www.facebook.com/photo/?fbid=918611456287683&set=a.287849549363880,Pande Karya,2023-09-05T14:43:23.000Z,Salam Dari LMD,Spam,
https://www.facebook.com/photo/?fbid=918611456287683&set=a.287849549363880,Heppy Elvandari,2023-09-06T03:01:17.000Z,Sehat dan bahagia..,Ham,
https://www.facebook.com/photo/?fbid=918611456287683&set=a.287849549363880,Minardi Minar,2023-09-06T11:07:17.000Z,Assalamualaikum bos semoga sehat dan sokses selalu Aamiiin,Ham,
https://www.facebook.com/photo/?fbid=918611456287683&set=a.287849549363880,Mamih Dedew,2023-09-01T12:23:59.000Z,Sehat selalu ganteng❤,Ham,
https://www.facebook.com/photo/?fbid=918611456287683&set=a.287849549363880,Dicky Firdikusumah,2023-08-31T17:10:47.000Z,Mamah gigi ikut kerja dong 🙏,Spam,
https://www.facebook.com/photo/?fbid=918611456287683&set=a.287849549363880,Puraka Indra,2023-09-06T00:59:41.000Z,sehat selalu,Ham,
https://www.facebook.com/photo/?fbid=918611456287683&set=a.287849549363880,Lili Pud Oli,2023-09-04T05:29:17.000Z,Semoga di lanycarkan sagala urusan nana,Ham,
https://www.facebook.com/photo/?fbid=918611456287683&set=a.287849549363880,Asmin Baligau,2023-09-06T02:33:53.000Z,Mirip ibunya dia cowok jd ganteng bangat,Ham,
https://www.facebook.com/photo/?fbid=918611456287683&set=a.287849549363880,Salija,2023-09-04T03:27:58.000Z,cantik dan ganteng 💚,Ham,
https://www.facebook.com/photo/?fbid=918611456287683&set=a.287849549363880,Rahmat Sastra Wiguna,2023-09-01T06:46:31.000Z,Barokallohu fiikum A Rafi sekeluarga,Spam,
https://www.facebook.com/photo/?fbid=918611456287683&set=a.287849549363880,Rusmi Rusmi,2023-09-02T14:42:38.000Z,Bunda cantik ade ganteng,Ham,
https://www.facebook.com/photo/?fbid=918611456287683&set=a.287849549363880,Seny Pratiwi Pujianti,2023-08-31T15:14:52.000Z,Sehat selalu aa rafathar,Ham,
https://www.facebook.com/photo/?fbid=918611456287683&set=a.287849549363880,Husen Pelu,2023-08-31T22:33:31.000Z,"Pinang terbelah dua,, maksudnya 11 ,,12",Spam,
https://www.facebook.com/photo/?fbid=918611456287683&set=a.287849549363880,Minarni Nani,2023-09-01T12:50:30.000Z,ABG.. Nya.. Mama gigi.. 💟💟,Spam,
https://www.facebook.com/photo/?fbid=918611456287683&set=a.287849549363880,Sinta Oh Sinta,2023-09-05T07:47:15.000Z,Ibuknya cantik anaknya ganteng banget,Ham,
https://www.facebook.com/photo/?fbid=918611456287683&set=a.287849549363880,Ardiana Nana,2023-09-01T05:54:33.000Z,Seat sllu,Ham,
https://www.facebook.com/photo/?fbid=918611456287683&set=a.287849549363880,Mutmainah Inah,2023-08-31T15:36:52.000Z,Sehat selalu,Ham,
https://www.facebook.com/photo/?fbid=918611456287683&set=a.287849549363880,Linlin Karlina,2023-09-05T20:34:20.000Z,Semoga di berikan kesehatan buat keluarga ka gigi raffi ahmad semuanya,Ham,
https://www.facebook.com/photo/?fbid=918611456287683&set=a.287849549363880,Sanjaya Halim,2023-09-05T00:09:42.000Z,Wau kren,Spam,
https://www.facebook.com/photo/?fbid=918611456287683&set=a.287849549363880,Alfian Zul,2023-08-31T15:16:04.000Z,Mudah mudahan Rafatarnya menjadi ustadz dan menjadi kebanggaan orang tuanya Amin 🙏,Ham,
https://www.facebook.com/photo/?fbid=918611456287683&set=a.287849549363880,Zainal Mukhtarr Habo,2023-09-05T06:48:39.000Z,Rafatar gigi banget👍👍,Ham,
https://www.facebook.com/photo/?fbid=918611456287683&set=a.287849549363880,Amang Irman,2023-09-01T03:35:57.000Z,Tu la pasal kau ade selamat,Spam,
https://www.facebook.com/photo/?fbid=918611456287683&set=a.287849549363880,Ai Siti Rosanah,2023-09-06T00:57:22.000Z,"Putranya ganteng, mamahnya cantiik 😍",Ham,
https://www.facebook.com/photo/?fbid=918611456287683&set=a.287849549363880,Nur Ngaisah,2023-09-01T09:42:49.000Z,MaasyaaAllooh Gantengnya Putra Mbak Gigi,Ham,
https://www.facebook.com/photo/?fbid=918611456287683&set=a.287849549363880,Sekeping Hati,2023-09-06T01:44:13.000Z,Sehat selalu ya sayang,Ham,
https://www.facebook.com/photo/?fbid=918611456287683&set=a.287849549363880,Anna Simanjuntak,2023-09-08T02:09:11.000Z,Keren,Ham,
https://www.facebook.com/photo/?fbid=918611456287683&set=a.287849549363880,Idar Alang,2023-08-31T15:18:41.000Z,MANTAP 👍,Ham,
https://www.facebook.com/photo/?fbid=918611456287683&set=a.287849549363880,Fariyanti Yanti,2023-09-04T12:25:58.000Z,Mbak nagita main ke malang dong.,Spam,
https://www.facebook.com/photo/?fbid=918611456287683&set=a.287849549363880,Azis N Yahya,2023-09-06T11:14:17.000Z,Woooooowwwww....mome kok sama Rafathar cipung...mn enggak kliatan.moga cipung sehat selalu dan cepat gede.,Spam,
https://www.facebook.com/photo/?fbid=918611456287683&set=a.287849549363880,Dhena,2023-09-06T03:34:24.000Z,Seyum membawa berkah,Ham,
https://www.facebook.com/photo/?fbid=918611456287683&set=a.287849549363880,Kesya,2023-08-31T22:01:58.000Z,Subhanallah cantik dan ganteng sehat selalu mama gigi,Ham,
https://www.facebook.com/photo/?fbid=918611456287683&set=a.287849549363880,Adit Saputra,2023-09-07T14:59:59.000Z,Semoga sehat slalu dalam lindungan Allah SWT ...,Ham,
https://www.facebook.com/photo/?fbid=918611456287683&set=a.287849549363880,Amang Irman,2023-09-06T12:49:36.000Z,Dg baik sd yg dan lain aja deh m selamat at,Spam,
https://www.facebook.com/photo/?fbid=918611456287683&set=a.287849549363880,Eka Agustini,2023-09-01T13:39:29.000Z,Bahagia selalu mama gigi n siganteng afatar,Ham,
https://www.facebook.com/photo/?fbid=918611456287683&set=a.287849549363880,Safira Cempaka Melati,2023-09-06T05:21:15.000Z,Cantiik dan ganteng,Ham,
https://www.facebook.com/photo/?fbid=918611456287683&set=a.287849549363880,Rumiati,2023-09-06T03:10:23.000Z,"ASALAM MUALAIKUM Wbt...
Apa kabar bulek Nagita di sana , semoga sehat selalu y sek ,BETAPA bahagia y AFATAR PUNYA IBU YG BAIK YG SAYANG SAMA  SEMUA ANAK ANAK Y ,  YG SELALU ADA MENDAMPING SETIAP AFATAR DI MANA PUN AFATAR BERADA ,  BAHAGIA BUDEH DI SINI MELIHAT Y  AFATAR  SENANG BAHAGIA MELIHAT Y SAMA MAMA  NAGITA  BAHAGIA SEPERTU ITU , SETUM DAN TAWA , RASA BAHAGIA SELALU .. WALAU PUN MAMA NAGITA SELALU SIBUK , TAPI MASIH ADA WAKTU UNTUK ANAK ANAK Y YG  UNTUK BERCANDA BAHAGIA SELALU , AFTAR PUN NAMPAK SENANG DAN BAHAGIA Y...",Ham,
https://www.facebook.com/photo/?fbid=918611456287683&set=a.287849549363880,Dewi Purnamawati,2023-08-31T22:55:08.000Z,Tambah besar tambah ganteng anak sholeh,Ham,
https://www.facebook.com/photo/?fbid=918611456287683&set=a.287849549363880,Sri Dibyo,2023-08-31T17:27:44.000Z,Gigi Rafathar sekluarga selalu dalam lindungan Allah SWT 🤲🤲🤲,Ham,
https://www.facebook.com/photo/?fbid=918611456287683&set=a.287849549363880,Juno Jack,2023-08-31T23:22:52.000Z,Kangen udah lma eer sinyalnya gx bisa hadir,Spam,
https://www.facebook.com/photo/?fbid=918611456287683&set=a.287849549363880,Budy Nak Melayu,2023-09-01T13:43:29.000Z,Sehat selalu keluarga Rans,Ham,
https://www.facebook.com/photo/?fbid=918611456287683&set=a.287849549363880,Yankti Sri,2023-09-06T00:48:17.000Z,Makin gede makin ganteng aja ni si anak,Ham,
https://www.facebook.com/photo/?fbid=918611456287683&set=a.287849549363880,Kardi Geg,2023-09-06T00:35:00.000Z,pagii..,Spam,
https://www.facebook.com/photo/?fbid=918611456287683&set=a.287849549363880,Yhii Yhaa,2023-08-31T22:40:06.000Z,Dri dlu smpe skrng pngn bngt ktmu sama kak gigi sama kak rafi,Ham,
https://www.facebook.com/photo/?fbid=918611456287683&set=a.287849549363880,Andy Wijaya,2023-09-07T03:46:32.000Z,my idaman keluarga..,Ham,
https://www.facebook.com/photo/?fbid=918611456287683&set=a.287849549363880,Marvel Vell,2023-09-03T00:13:08.000Z,Mama gigi boleh mintak HP iphone,Spam,
https://www.facebook.com/photo/?fbid=918611456287683&set=a.287849549363880,Wurjaningsih Albani,2023-09-01T06:34:40.000Z,Rafatar ...cuakeeep banget.,Ham,
https://www.facebook.com/photo/?fbid=918611456287683&set=a.287849549363880,Ahmad,2023-09-06T09:00:05.000Z,Sehat selalu buat kluaga raffi Ahmad,Ham,
https://www.facebook.com/photo/?fbid=918611456287683&set=a.287849549363880,Santii Nadira Jamall,2023-09-01T00:01:49.000Z,miniatur mama Gigi🥰🥰,Spam,
https://www.facebook.com/photo/?fbid=918611456287683&set=a.287849549363880,Asma Wirni,2023-08-31T23:28:23.000Z,Keren Cipung,Spam,
https://www.facebook.com/photo/?fbid=918611456287683&set=a.287849549363880,Nur Yati,2023-09-06T03:17:49.000Z,Ganteng yh,Ham,
https://www.facebook.com/photo/?fbid=918611456287683&set=a.287849549363880,Warung Doyok,2023-09-02T00:24:12.000Z,Ganteng aa Rafatar,Ham,
https://www.facebook.com/photo/?fbid=918611456287683&set=a.287849549363880,Dumi,2023-08-31T19:07:19.000Z,Mba gigi bisa. Ikur kerja ga  🙏🙏🙏🙏,Spam,
https://www.facebook.com/photo/?fbid=918611456287683&set=a.287849549363880,Umine Zayna,2023-09-01T02:27:42.000Z,AA Rafatar Mirip bintang Korea.,Ham,
https://www.facebook.com/photo/?fbid=918611456287683&set=a.287849549363880,Budi Heriyanto,2023-09-02T00:35:36.000Z,Sehat selalu ya,Ham,
https://www.facebook.com/photo/?fbid=918611456287683&set=a.287849549363880,Mustain Bevel,2023-08-31T16:21:36.000Z,Alhamdulillaaahhh... Sayang keluarga ya bosku🤲🤲🤲🙏,Ham,
https://www.facebook.com/photo/?fbid=918611456287683&set=a.287849549363880,Syane Somba,2023-09-01T00:01:07.000Z,Tuhan memberkati,Ham,
https://www.facebook.com/photo/?fbid=918611456287683&set=a.287849549363880,Ani Amos Pah,2023-09-06T01:41:43.000Z,"Hi...aa Rafatar ganteng..sll sehat ya..bahagia bersama papa, mama dan si gemesin Rayyanza❤",Ham,
https://www.facebook.com/photo/?fbid=918611456287683&set=a.287849549363880,Akrilyk Flower,2023-09-01T00:56:24.000Z,Hallo ganteng,Ham,
https://www.facebook.com/photo/?fbid=918611456287683&set=a.287849549363880,Siti Khotijah,2023-09-01T06:21:08.000Z,Mantaaaap,Ham,
https://www.facebook.com/photo/?fbid=918611456287683&set=a.287849549363880,Setiadedebudi,2023-09-01T08:56:49.000Z,"Mohon bantuannya rumah atapnya sudah mau roboh dihuni seorang diri ibu"" usia lebih dari 70 tahun. Alamat desa Leuwidingding kecamatan Lemahabang kabupaten Cirebon",Spam,
https://www.facebook.com/photo/?fbid=918611456287683&set=a.287849549363880,Subianti,2023-09-01T11:27:51.000Z,Masya Allah cakep banget 👍😘😘,Ham,
https://www.facebook.com/photo/?fbid=918611456287683&set=a.287849549363880,Babang Iffung,2023-08-31T17:30:37.000Z,Info loker apa aj donk papa raffi😁😁😁,Spam,
https://www.facebook.com/photo/?fbid=918611456287683&set=a.287849549363880,Didi,2023-08-31T15:53:38.000Z,Comel 🤗,Spam,
https://www.facebook.com/photo/?fbid=918611456287683&set=a.287849549363880,Agus Jr.,2023-08-31T15:22:26.000Z,Biar silahturahmi tidak trputus kirim dana dulu seratus,Spam,
https://www.facebook.com/photo/?fbid=918611456287683&set=a.287849549363880,Djamila,2023-09-06T08:02:12.000Z,Tidak terasa Rafatar sudah besar.jadi anak sholeh yaa,Ham,
https://www.facebook.com/photo/?fbid=918611456287683&set=a.287849549363880,Baer Bairi,2023-09-05T18:51:20.000Z,Semuga seht selalu ia,Ham,
https://www.facebook.com/photo/?fbid=918611456287683&set=a.287849549363880,Jhoe Letsjam,2023-09-01T07:31:22.000Z,Cakep anaknya kak Nagita,Ham,
https://www.facebook.com/photo/?fbid=918611456287683&set=a.287849549363880,Makgres Bangun,2023-09-06T08:21:42.000Z,GBU 🥰😍👍,Ham,
https://www.facebook.com/photo/?fbid=918611456287683&set=a.287849549363880,Iva Nur,2023-09-01T10:15:59.000Z,Kk blh mintak we a nya,Spam,
https://www.facebook.com/photo/?fbid=918611456287683&set=a.287849549363880,Dani Emmert,2023-09-04T23:25:52.000Z,Joss,Spam,
https://www.facebook.com/photo/?fbid=918611456287683&set=a.287849549363880,Fauzi Rahman Aril,2023-09-03T13:52:21.000Z,assalamualaikum Kaka  😊😊🙏🙏🥰,Spam,
https://www.facebook.com/photo/?fbid=918611456287683&set=a.287849549363880,Jamilah,2023-09-01T00:18:03.000Z,"Masya Allah Rafatar udh gede tambah ganteng, mama gigi juga tambah cantik. 
Semoga jadi anak yg sholeh y.",Ham,
https://www.facebook.com/photo/?fbid=918611456287683&set=a.287849549363880,Cucu Nurul,2023-09-05T11:34:20.000Z,"Mmh nya,cantik anaknya ganteng.....sehat slalu ❤️",Ham,
https://www.facebook.com/photo/?fbid=918611456287683&set=a.287849549363880,Anna Simanjuntak,2023-09-08T02:09:11.000Z,GANTENG BANGET,Ham,
https://www.facebook.com/photo/?fbid=918611456287683&set=a.287849549363880,Endang,2023-09-02T14:49:29.000Z,Semoga sehat slalu,Ham,
https://www.facebook.com/photo/?fbid=918611456287683&set=a.287849549363880,Dayanti,2023-08-31T15:14:21.000Z,A rafi,Spam,
https://www.facebook.com/photo/?fbid=918611456287683&set=a.287849549363880,Ki Santang,2023-08-31T15:20:46.000Z,Mba gigi bisa ikut kerja ga ? 🙏🙏🙏,Spam,
https://www.facebook.com/photo/?fbid=918611456287683&set=a.287849549363880,Deny Angryan Hanny,2023-08-31T16:33:09.000Z,Mirip Bunda gigi rafathar🥰🥰🤭,Ham,
https://www.facebook.com/photo/?fbid=918611456287683&set=a.287849549363880,Nur Neneng,2023-09-01T09:12:17.000Z,C rafatar makin gd mkinn ganteng nagitaa ibu yg baikk sll ceriaa,Ham,
https://www.facebook.com/photo/?fbid=918611456287683&set=a.287849549363880,Olyssye Mylene Kasehung,2023-09-07T10:49:46.000Z,Keren..mm cantikku dan aa rafatar yg gammara...tersenyumlah👍👍🙏🙏😍😍,Ham,
https://www.facebook.com/photo/?fbid=918611456287683&set=a.287849549363880,Nurmayani,2023-09-01T02:39:13.000Z,Cantik....,Ham,
https://www.facebook.com/photo/?fbid=918611456287683&set=a.287849549363880,F'at Dillah,2023-08-31T15:35:17.000Z,Itu nama nya Gigi,Ham,
https://www.facebook.com/photo/?fbid=918611456287683&set=a.287849549363880,Bintang Nugraha,2023-09-01T03:37:00.000Z,Sehat selalu kk,Ham,
https://www.facebook.com/photo/?fbid=918611456287683&set=a.287849549363880,Herru Harr,2023-09-05T11:15:53.000Z,"Mirip, bnget Ama bunda ya dedek rafatar",Ham,
https://www.facebook.com/photo/?fbid=918611456287683&set=a.287849549363880,Irawati Pratama,2023-09-06T11:36:30.000Z,kompak banget mb gita and anaknya lucu deh,Ham,
https://www.facebook.com/photo/?fbid=918611456287683&set=a.287849549363880,Ros Minah,2023-08-31T15:24:13.000Z,Ganteng nya lah anak nya bunda rapatar smg dalam lindungan nya Allah ya bun,Ham,
https://www.facebook.com/photo/?fbid=918611456287683&set=a.287849549363880,Siti Homsyah Oom,2023-09-01T01:13:54.000Z,Masya Alloh.. mamah nya Cantik anak nya Ganteng Sehat Slalu Oke 👍👍🤲🤲🙏🏻🙏🏻♥♥,Ham,
https://www.facebook.com/photo/?fbid=918611456287683&set=a.287849549363880,Soraya Kurnia Bety,2023-09-06T03:25:56.000Z,"Sehat selalu ,gantenggg",Ham,
https://www.facebook.com/photo/?fbid=918611456287683&set=a.287849549363880,Ilon Klau,2023-09-03T04:14:02.000Z,Sehat selalu dan sukses selalu😍,Ham,
https://www.facebook.com/photo/?fbid=918611456287683&set=a.287849549363880,Yusuf,2023-09-01T06:12:19.000Z,Sehat sehat terus ya kalian.. Dan teruslah membagi kebahagiaan orang lain,Ham,
https://www.facebook.com/photo/?fbid=918611456287683&set=a.287849549363880,Marjukikartibi Marjuki,2023-09-01T11:53:21.000Z,Sehat selalu amin,Ham,
https://www.facebook.com/photo/?fbid=918611456287683&set=a.287849549363880,Agus Jejen,2023-09-06T08:11:52.000Z,Salaam sehat sllu ya AA,Ham,
https://www.facebook.com/photo/?fbid=918611456287683&set=a.287849549363880,Al Al,2023-09-03T03:08:56.000Z,Semoga sehal selalu,Ham,
https://www.facebook.com/photo/?fbid=918611456287683&set=a.287849549363880,Sofina Wantah,2023-09-02T07:37:19.000Z,si ganteng dan cantik mama gigi sehat2 selalu,Ham,
https://www.facebook.com/photo/?fbid=918611456287683&set=a.287849549363880,Trivena Sukowati,2023-08-31T15:39:10.000Z,"Selamat malam Mbak Gigi and dede Raffatar yg ganteng, salam sehat selalu",Ham,
https://www.facebook.com/photo/?fbid=918611456287683&set=a.287849549363880,Amsal,2023-08-31T22:29:57.000Z,Sehat Selalu mbak beserta kluarga nya....Aamin,Ham,
https://www.facebook.com/photo/?fbid=918611456287683&set=a.287849549363880,Nurhayni Manru Yni,2023-08-31T16:21:28.000Z,Anak ganteng,Ham,
https://www.facebook.com/photo/?fbid=918611456287683&set=a.287849549363880,Gede Putra Pajang Gede,2023-09-06T06:24:52.000Z,Sempurna 💯,Ham,
https://www.facebook.com/photo/?fbid=918611456287683&set=a.287849549363880,Supari,2023-09-06T11:54:00.000Z,"Sehat selalu ,sukses dan Semoga ada rezeki buat warga grobogan",Ham,
https://www.facebook.com/photo/?fbid=918611456287683&set=a.287849549363880,Siti Faisah,2023-09-06T13:35:46.000Z,"Wah mukaya sama ma2 ya ? Udah besar ,Rafatar ganteng ,,",Ham,
https://www.facebook.com/photo/?fbid=918611456287683&set=a.287849549363880,Ananda Ritonga,2023-08-31T15:27:56.000Z,Wah bahagia 😊 kali,Ham,
https://www.facebook.com/photo/?fbid=918611456287683&set=a.287849549363880,Edy Sunarto,2023-09-01T02:08:17.000Z,Semoga sehat sll sekeluarga mama gigi yg cantik ta.,Ham,
https://www.facebook.com/photo/?fbid=918611456287683&set=a.287849549363880,Gonzales,2023-09-01T03:30:00.000Z,Kpn ke J bound lg nih bro...?😇👍👌,Spam,
https://www.facebook.com/photo/?fbid=918611456287683&set=a.287849549363880,Amrullah,2023-09-06T00:20:16.000Z,Semoga sehat selalu ya aamiin aamiin ya rabbal alamin 🤲,Ham,
https://www.facebook.com/photo/?fbid=918611456287683&set=a.287849549363880,Rie AL,2023-09-01T13:33:45.000Z,Bahagia selalu keluarga ny kak gigi_aa raffi Aamiin Yaa Mujib.. 🤲🤲,Ham,
https://www.facebook.com/photo/?fbid=918611456287683&set=a.287849549363880,Muhammad Idham Anindyatma,2023-08-31T22:45:59.000Z,keluarga idham sepupu acara besok nikahan,Spam,
https://www.facebook.com/photo/?fbid=918611456287683&set=a.287849549363880,Fajar,2023-09-01T16:05:35.000Z,Mama gigi 😍❤️,Ham,
https://www.facebook.com/photo/?fbid=918611456287683&set=a.287849549363880,Lilis Setyawati,2023-09-07T13:55:02.000Z,ganteng pisan aax 😍,Ham,
https://www.facebook.com/photo/?fbid=918611456287683&set=a.287849549363880,Adri Abasih,2023-09-03T14:12:55.000Z,sehat selalu amin 🤲,Ham,
https://www.facebook.com/photo/?fbid=918611456287683&set=a.287849549363880,Shah Hafiz,2023-09-01T06:16:42.000Z,Ok,Spam,
https://www.facebook.com/photo/?fbid=918611456287683&set=a.287849549363880,Poppy Farida,2023-09-03T10:35:05.000Z,Semoga sehat selalu ya,Ham,
https://www.facebook.com/photo/?fbid=918611456287683&set=a.287849549363880,Dewi Yanti,2023-09-05T23:40:41.000Z,Wow  keren,Ham,
https://www.facebook.com/photo/?fbid=918611456287683&set=a.287849549363880,Jero Ade,2023-09-01T00:31:46.000Z,Gantang sekali anak ya makgigi,Ham,
https://www.facebook.com/photo/?fbid=918611456287683&set=a.287849549363880,Sofi Melvianti,2023-09-01T00:38:00.000Z,Dua2 nya  ngegemesin...sehat2 ya semuanya,Ham,
https://www.facebook.com/photo/?fbid=918611456287683&set=a.287849549363880,Aspen Putra,2023-09-01T02:17:37.000Z,Bismilah 1jta,Spam,
https://www.facebook.com/photo/?fbid=918611456287683&set=a.287849549363880,Najwa Laura,2023-09-06T13:04:02.000Z,Rafatar udah gede dan ganteng🥰,Ham,
https://www.facebook.com/photo/?fbid=918611456287683&set=a.287849549363880,Agus Hidayat,2023-09-06T01:58:10.000Z,Rafatar enggak kerasa udah besar... sekarang 5~6 th an yah🙏,Ham,
https://www.facebook.com/photo/?fbid=918611456287683&set=a.287849549363880,Indit Richardi,2023-08-31T15:30:17.000Z,Momgi,Spam,
https://www.facebook.com/photo/?fbid=918611456287683&set=a.287849549363880,Ijal,2023-08-31T15:13:50.000Z,Keren,Ham,
https://www.facebook.com/photo/?fbid=918611456287683&set=a.287849549363880,Mamath Qilla,2023-09-01T02:52:27.000Z,Mantap ganteung bangeut anak nyonya,Ham,
https://www.facebook.com/photo/?fbid=918611456287683&set=a.287849549363880,Nur - Khaira,2023-09-01T12:01:07.000Z,Aa bos,Spam,
https://www.facebook.com/photo/?fbid=918611456287683&set=a.287849549363880,J Black Angus,2023-09-02T03:09:16.000Z,Kok gantengan Rafatar yah sm mba Gigi hehehe😭,Ham,
https://www.facebook.com/photo/?fbid=918611456287683&set=a.287849549363880,Rosa Buky,2023-09-05T03:48:14.000Z,Rafatar muka sm mamanya,Ham,
https://www.facebook.com/photo/?fbid=918611456287683&set=a.287849549363880,Yuniq Amsar,2023-08-31T17:49:51.000Z,"And my moms
❤❤❤❤❤❤",Spam,
https://www.facebook.com/photo/?fbid=918611456287683&set=a.287849549363880,Deva Juker,2023-08-31T15:15:37.000Z,Rafathar 🔥,Ham,
https://www.facebook.com/photo/?fbid=918611456287683&set=a.287849549363880,Lilis Suryani,2023-09-02T15:23:23.000Z,"Sehatyh ganteng, 🤲🥰🙏💪",Ham,
https://www.facebook.com/photo/?fbid=918611456287683&set=a.287849549363880,Saidah Dah,2023-09-02T04:26:46.000Z,semoga sekelurga sehat sehat selalu,Ham,
https://www.facebook.com/photo/?fbid=918611456287683&set=a.287849549363880,Coco,2023-08-31T15:50:35.000Z,Salam...😊👏👏👏,Ham,
https://www.facebook.com/photo/?fbid=918611456287683&set=a.287849549363880,Mas Sus,2023-09-01T05:58:00.000Z,Ade rafatar sm buk rafi,Ham,
https://www.facebook.com/photo/?fbid=918611456287683&set=a.287849549363880,Ria Annafiyah,2023-08-31T23:37:55.000Z,Anak sholehnya mama gigi dan papa Raffi...Aa Rafathar sehat2 terus ya buat Aa Rafathar,Ham,
https://www.facebook.com/photo/?fbid=918611456287683&set=a.287849549363880,Moh Rasya,2023-08-31T15:24:38.000Z,Kaya kakak beradik,Ham,
https://www.facebook.com/photo/?fbid=918611456287683&set=a.287849549363880,Pagarnusa Karangpenang,2023-09-01T03:07:36.000Z,Assalamualaikum wr wb,Spam,
https://www.facebook.com/photo/?fbid=918611456287683&set=a.287849549363880,Tien Budyartiningsih,2023-09-05T22:09:08.000Z,Semoga bahagia dan sehat selalu keluarga mbak gigi. Aamiin.,Ham,
https://www.facebook.com/photo/?fbid=918611456287683&set=a.287849549363880,Indi Hernuwati,2023-09-04T12:02:31.000Z,Cantik,Ham,
https://www.facebook.com/photo/?fbid=918611456287683&set=a.287849549363880,Sulis Sudarwati,2023-09-01T07:36:50.000Z,Semngt bos,Ham,
https://www.facebook.com/photo/?fbid=918611456287683&set=a.287849549363880,Wanda Hills,2023-09-06T04:37:42.000Z,Sie Cantiq & Ganteng Rafatar🥰🥰,Ham,
https://www.facebook.com/photo/?fbid=918611456287683&set=a.287849549363880,Syahrani Ali,2023-09-03T15:48:10.000Z,Sempurna cinta,Spam,
https://www.facebook.com/photo/?fbid=918611456287683&set=a.287849549363880,Risna,2023-09-01T11:35:38.000Z,Cmmh nya cntik Anae ganteng,Ham,
https://www.facebook.com/photo/?fbid=918611456287683&set=a.287849549363880,Miesiz Etty Lia Wisnu,2023-09-01T16:08:22.000Z,Bahagianya sht sll y .,Ham,
https://www.facebook.com/photo/?fbid=918611456287683&set=a.287849549363880,Asma Wirni,2023-08-31T23:27:49.000Z,mantap bagus,Ham,
https://www.facebook.com/photo/?fbid=918611456287683&set=a.287849549363880,Bang Surdy Sur,2023-08-31T15:16:54.000Z,Mantap,Ham,
https://www.facebook.com/photo/?fbid=918611456287683&set=a.287849549363880,Malis Malis,2023-08-31T16:41:18.000Z,Gigi nya,Ham,
https://www.facebook.com/photo/?fbid=918611456287683&set=a.287849549363880,Diah Retno,2023-09-01T04:28:42.000Z,Ganteng nya😘,Ham,
https://www.facebook.com/photo/?fbid=918611456287683&set=a.287849549363880,Ari Yanto,2023-09-01T19:26:24.000Z,Sehat selalu semoga diberi umur panjang amin,Ham,
https://www.facebook.com/photo/?fbid=918611456287683&set=a.287849549363880,Adelia Mewengkang,2023-08-31T15:14:40.000Z,Anak bujang,Ham,
https://www.facebook.com/photo/?fbid=918611456287683&set=a.287849549363880,Mamak Hana,2023-09-03T06:06:46.000Z,Semuga srhat selalu ya,Ham,
https://www.facebook.com/photo/?fbid=918611456287683&set=a.287849549363880,Dwi Lestari,2023-09-02T23:12:21.000Z,Ganteng,Ham,
https://www.facebook.com/photo/?fbid=918611456287683&set=a.287849549363880,Wayan Ginawa,2023-09-06T02:32:20.000Z,Semoga sht sllu,Ham,
https://www.facebook.com/photo/?fbid=918611456287683&set=a.287849549363880,Ramni,2023-09-02T03:55:37.000Z,Ganteng nya,Ham,
https://www.facebook.com/photo/?fbid=918611456287683&set=a.287849549363880,Frida Mahalung Long Dong,2023-09-02T01:11:59.000Z,"Seha"" selalu",Ham,
https://www.facebook.com/photo/?fbid=918611456287683&set=a.287849549363880,Sri Ici,2023-09-07T10:47:27.000Z,"Waduh kayak kakak adik, mamanya cantik banget",Ham,
https://www.facebook.com/photo/?fbid=918611456287683&set=a.287849549363880,Mpah Luthfi - new,2023-09-06T12:18:48.000Z,Hdr,Spam,
https://www.facebook.com/photo/?fbid=918611456287683&set=a.287849549363880,Marni Yana,2023-08-31T23:54:27.000Z,Semoga se llu sehat ke luar ga Andara,Ham,
https://www.facebook.com/photo/?fbid=918611456287683&set=a.287849549363880,Mamah Yolla,2023-09-06T11:05:39.000Z,"Aa memang ganteng,,,🥰🥰🥰",Ham,
https://www.facebook.com/photo/?fbid=918611456287683&set=a.287849549363880,Sri Hayati,2023-08-31T22:28:50.000Z,Aa rafatar ganteng masa Allah..,Ham,
https://www.facebook.com/photo/?fbid=918611456287683&set=a.287849549363880,Iyo Rii,2023-08-31T15:13:44.000Z,Gento Chanchann,Spam,
https://www.facebook.com/photo/?fbid=918611456287683&set=a.287849549363880,Andy Setiawan,2023-09-01T14:14:53.000Z,Kembaaarrr 😂,Ham,
https://www.facebook.com/photo/?fbid=918611456287683&set=a.287849549363880,Arthani Jayahe,2023-09-02T13:56:57.000Z,Rafatar guanteng buanget keren.👍👍👍👍👍,Ham,
https://www.facebook.com/photo/?fbid=918611456287683&set=a.287849549363880,Erna Syaliana,2023-09-06T01:54:45.000Z,"Loveeee youuuu are
😍😍😍😍",Spam,
https://www.facebook.com/photo/?fbid=918611456287683&set=a.287849549363880,Derian Nurdin,2023-09-06T05:07:56.000Z,Semoga kompak sllu ..💑,Ham,
https://www.facebook.com/photo/?fbid=918611456287683&set=a.287849549363880,Rembulan,2023-08-31T22:44:45.000Z,Hlo mbak gigi  aaak tu. Gembira skali mau d aja kemana,Spam,
https://www.facebook.com/photo/?fbid=918611456287683&set=a.287849549363880,Sarkamah Nugraha,2023-09-06T23:51:39.000Z,Ihh ganteng kaya bunda nya 🥰🥰,Ham,
https://www.facebook.com/photo/?fbid=918611456287683&set=a.287849549363880,Lulu Malalue,2023-08-31T16:50:17.000Z,kasep ganteng,Spam,
https://www.facebook.com/photo/?fbid=918611456287683&set=a.287849549363880,Aisyah Pomo,2023-09-07T15:03:00.000Z,Cantik SM ganteng mat malam mba gigi,Ham,
https://www.facebook.com/photo/?fbid=918611456287683&set=a.287849549363880,Muhammad Idham Anindyatma,2023-09-06T22:51:46.000Z,Veity Mantik dukung vote keluarga rans di SCTV ya lewat apk vidio sama bantu like komen di Ig sctv idham fitriani,Spam,
https://www.facebook.com/photo/?fbid=918611456287683&set=a.287849549363880,Mpah Luthfi - new,2023-09-06T12:18:56.000Z,Dsnh,Spam,
https://www.facebook.com/photo/?fbid=918611456287683&set=a.287849549363880,Kusni Arifin,2023-09-07T09:43:56.000Z,Slmt sore smua nya,Ham,
https://www.facebook.com/photo/?fbid=918611456287683&set=a.287849549363880,Agus Mega,2023-09-06T00:28:47.000Z,Semoga hidup barokah sehat bahagia,Ham,
https://www.facebook.com/photo/?fbid=918611456287683&set=a.287849549363880,Yosefien Euike Makarau,2023-09-06T13:56:01.000Z,Mantap,Ham,
https://www.facebook.com/photo/?fbid=918611456287683&set=a.287849549363880,Atiqa Bahiya,2023-09-06T10:20:26.000Z,"Asalammualikum,saya mau minta saran saya abis kehilangan anak laki saya dia baru saja meninggal,Gimana caranya saya bisa kembali ceria",Spam,
https://www.facebook.com/photo/?fbid=918611456287683&set=a.287849549363880,Lita Susanti,2023-09-06T01:25:59.000Z,Masya'Allah ganteng sekali AA Rafatar,Ham,
https://www.facebook.com/photo/?fbid=918611456287683&set=a.287849549363880,Jajat Sudrajat,2023-08-31T16:01:19.000Z,Sehat selalu,Ham,
https://www.facebook.com/photo/?fbid=918611456287683&set=a.287849549363880,Bundadimad Nikesalidi Budanku Samsi,2023-09-01T00:48:20.000Z,semoga sehat selalu aamiin 🤲🤲🙏🙏🤲,Ham,
https://www.facebook.com/photo/?fbid=918611456287683&set=a.287849549363880,Wan Yoga,2023-09-01T00:19:18.000Z,Ganteng banget anak nya nih,Ham,
https://www.facebook.com/photo/?fbid=918611456287683&set=a.287849549363880,Uphy Sangaji,2023-08-31T21:28:59.000Z,Sehat selalu,Ham,
https://www.facebook.com/photo/?fbid=918611456287683&set=a.287849549363880,Moms Ways Dohona,2023-09-04T11:46:51.000Z,Imut,Ham,
https://www.facebook.com/photo/?fbid=918611456287683&set=a.287849549363880,Yunas,2023-08-31T17:37:50.000Z,"Saya suka menonton acara For Your Pagi ( FYP ) tapi boleh juga lah mendukung saya ya 
Assalamu'alaikum,  Mohon maaf dan Mohon izin wabil Khusus Aa Raffi dan Gigi serta kelaurga tercinta yang berbahagia tentunya di muliakan Tuhan Allah SWT. Alhamdulillah ini data DCS saya sebagai Calon Legislatif  DPR RI dapil II DKI Jakarta. Jakarta Pusat, Jakarta Selatan dan Luar Negeri. Mohon di Do'akan dan di dukung syukur didukung yang masih berdomisili di dapil tersebut agar dapat menjadi Anggota DPR RI yang tentunya menjadi aset kita bersama.  dapat membantu satu sama lainnya. Trimakasih atas partisifasi dan bantuannya. Semoga Allah Memberkahi kita semua. Wassalamu'alaikum",Spam,
https://www.facebook.com/photo/?fbid=918611456287683&set=a.287849549363880,Fauziah,2023-08-31T22:37:33.000Z,aa dan mamah keren,Ham,
https://www.facebook.com/photo/?fbid=918611456287683&set=a.287849549363880,Chinta Laura,2023-09-01T13:34:45.000Z,Hai  cinta Laura 🙏,Spam,
https://www.facebook.com/photo/?fbid=918611456287683&set=a.287849549363880,Irma Mokodompit,2023-09-01T06:43:58.000Z,Ganteng,Ham,
https://www.facebook.com/photo/?fbid=918611456287683&set=a.287849549363880,Kevin Argana Fernanda,2023-09-07T11:55:32.000Z,Semoga sehat semua ya om Raffi sama Tante gigi sehat selalu,Ham,
https://www.facebook.com/photo/?fbid=918611456287683&set=a.287849549363880,Lindayani Lindayani,2023-09-01T07:46:31.000Z,assalamualaikum Mbak Nagita.. mohon maaf saya kemaren ikutan tebak tebakan katanya saya dapet hadiah.. terus saya udah isi data nya.udah bayar administrasi nya.. terus kata admin nya udah di kirim..pas saya cek gak ada.. terus sekarang no telpon nya gak aktif.. saya di bohongin,Spam,
https://www.facebook.com/photo/?fbid=918611456287683&set=a.287849549363880,Septianto Hari,2023-09-01T09:50:52.000Z,lucuuu,Ham,
https://www.facebook.com/photo/?fbid=918611456287683&set=a.287849549363880,Ilham Senjaya,2023-09-07T10:35:30.000Z,Sehat slalu buat kluarga bos Raffi Ahmad,Ham,
https://www.facebook.com/photo/?fbid=918611456287683&set=a.287849549363880,Armada Sitorus,2023-09-06T23:24:20.000Z,Foto yg bagus. Ibu dan anak kompak. Rans jaya terus.,Ham,
https://www.facebook.com/photo/?fbid=918611456287683&set=a.287849549363880,Ai Suryani Suryani,2023-09-06T16:38:42.000Z,"assalamu alaikum
salam kenal aku dari cianjur",Ham,
https://www.facebook.com/photo/?fbid=918611456287683&set=a.287849549363880,Mariani Imar,2023-09-01T03:23:38.000Z,Boss nukar mobil lamborjini,Spam,
https://www.facebook.com/photo/?fbid=918611456287683&set=a.287849549363880,Achmadnurya,2023-09-06T07:41:53.000Z,Nyonya Rafi yungguyu terus,Spam,
https://www.facebook.com/photo/?fbid=918611456287683&set=a.287849549363880,Aulia Culiin Bhwell,2023-09-01T01:37:31.000Z,Gooddd,Spam,
https://www.facebook.com/photo/?fbid=918611456287683&set=a.287849549363880,Agus Puspa,2023-08-31T15:19:20.000Z,Hhhhhhhhhhhh,Spam,
https://www.facebook.com/photo/?fbid=918611456287683&set=a.287849549363880,Chey Sitania,2023-09-02T23:20:44.000Z,Cantik,Ham,
https://www.facebook.com/photo/?fbid=918611456287683&set=a.287849549363880,Ummul Samega,2023-08-31T22:01:53.000Z,"Cantik mama gigi,,",Ham,
https://www.facebook.com/photo/?fbid=918611456287683&set=a.287849549363880,Nida AZach DaCh,2023-09-01T07:19:54.000Z,Ada loker nggak bu,Spam,
https://www.facebook.com/photo/?fbid=918611456287683&set=a.287849549363880,Imam Rusmana,2023-09-07T13:18:22.000Z,Ijin bos mau nawarin tanah di subang Jawa Barat bos barangkali aja mau investasi di subang bos bisa inbok,Spam,
https://www.facebook.com/photo/?fbid=918611456287683&set=a.287849549363880,Sry Tina,2023-09-06T12:33:17.000Z,Si ganteng Rafathar dan MB Gigi yg cantik sehat selalu ❤️👍,Ham,
https://www.facebook.com/photo/?fbid=918611456287683&set=a.287849549363880,Magdalena Binaria Sianturi,2023-08-31T15:27:21.000Z,*KEREN*,Ham,
https://www.facebook.com/photo/?fbid=918611456287683&set=a.287849549363880,Lilis Nur,2023-08-31T15:17:09.000Z,Semoga sehat selalu 💙,Ham,
https://www.facebook.com/photo/?fbid=918611456287683&set=a.287849549363880,Heri Beonk,2023-08-31T15:26:00.000Z,Kasbon bos,Spam,
https://www.facebook.com/photo/?fbid=918611456287683&set=a.287849549363880,Linda Murni,2023-08-31T15:20:42.000Z,Mantap ❤️❤️❤️❤️❤️,Ham,
https://www.facebook.com/photo/?fbid=918611456287683&set=a.287849549363880,Ayla Azzura,2023-09-02T08:49:54.000Z,SHT sllu mbbk gigi..,Ham,
https://www.facebook.com/photo/?fbid=918611456287683&set=a.287849549363880,Diden Penewu,2023-09-07T10:57:11.000Z,Semoga kalian s keluarga d berikan ksehatan dan umur yg panjang Aamiin Yarabbal A'lamin....,Ham,
https://www.facebook.com/photo/?fbid=918611456287683&set=a.287849549363880,Erwin Aweng,2023-09-06T02:36:44.000Z,Ganteng nya,Ham,
https://www.facebook.com/photo/?fbid=918611456287683&set=a.287849549363880,Al Vin,2023-09-06T13:12:20.000Z,Semoga tumbuh Dan Sehat selalu,Ham,
https://www.facebook.com/photo/?fbid=918611456287683&set=a.287849549363880,Wong Bagus Wong Bagus,2023-09-01T08:31:33.000Z,Cipung ke mna Te Di ajak,Spam,
https://www.facebook.com/photo/?fbid=918611456287683&set=a.287849549363880,Sifa Sahira,2023-08-31T15:23:13.000Z,"Aslkm slmt mlm
Bunda gigi dan abang raffatar",Ham,
https://www.facebook.com/photo/?fbid=918611456287683&set=a.287849549363880,Diah Suryadi,2023-09-04T04:05:01.000Z,Hello mba gigi Raffi Ahmad 😊,Ham,
https://www.facebook.com/photo/?fbid=918611456287683&set=a.287849549363880,Ayyub Rosarif,2023-09-01T11:46:54.000Z,Enak. Y mi,Spam,
https://www.facebook.com/photo/?fbid=918611456287683&set=a.287849549363880,Wayan Tamba,2023-09-03T01:57:02.000Z,WOOO KREEN😇👍👍👍,Ham,
https://www.facebook.com/photo/?fbid=918611456287683&set=a.287849549363880,Rahmat Susilo,2023-09-03T14:03:43.000Z,sehat selalu kak nagita,Ham,
https://www.facebook.com/photo/?fbid=918611456287683&set=a.287849549363880,Maya Aulia,2023-09-07T23:30:45.000Z,Assalamu'alaikum salam cakung timur hadir salam sehat selalu  sukses selalu pak raffi ahmad,Spam,
https://www.facebook.com/photo/?fbid=918611456287683&set=a.287849549363880,Legidion,2023-09-01T08:14:42.000Z,Halo✋🙂,Spam,
https://www.facebook.com/photo/?fbid=918611456287683&set=a.287849549363880,Abel Amanda Abel,2023-09-01T03:27:12.000Z,Raffi Ahmad ❤️❤️❤️❤️❤️,Spam,
https://www.facebook.com/photo/?fbid=918611456287683&set=a.287849549363880,Hantaran Tepiyan,2023-08-31T15:26:47.000Z,Met malam,Ham,
https://www.facebook.com/photo/?fbid=918611456287683&set=a.287849549363880,Tro Saint Williams,2023-08-31T15:48:11.000Z,Raffatar makin cakep,Ham,
https://www.facebook.com/photo/?fbid=918611456287683&set=a.287849549363880,Husni Hakim,2023-09-02T07:46:56.000Z,Rafar udah gede semoga sehat jadi anak yang shaleh berbakti pada kedua orang tua aamiin,Ham,
https://www.facebook.com/photo/?fbid=918611456287683&set=a.287849549363880,Sunendi,2023-09-01T07:14:05.000Z,Wow,Spam,
https://www.facebook.com/photo/?fbid=918611456287683&set=a.287849549363880,Femmy Pangalila,2023-09-06T00:56:46.000Z,Hadir moga sehat sekeluarga bos sukses selalu banyak reseki Raffi dan gigi bantu dong aku bos Raffi bayar kontrakan pekerjaan aku cuma tukang parkir tolong kalu bisa ya aku doa kan sukses selalu,Spam,
https://www.facebook.com/photo/?fbid=918611456287683&set=a.287849549363880,Hendri Nany,2023-08-31T23:00:56.000Z,Keren 👍,Ham,
https://www.facebook.com/photo/?fbid=918611456287683&set=a.287849549363880,Iyan,2023-09-06T02:05:14.000Z,Hasil dari 2 sehati,Ham,
https://www.facebook.com/photo/?fbid=918611456287683&set=a.287849549363880,Nefi Indriani,2023-09-06T01:45:09.000Z,Hai Aa Rafatar.. Salam kenal dr Verrel.. aa Raffi Ahmad ini ak Verrel mau ketemu aa Rafatar boleh??????,Spam,
https://www.facebook.com/photo/?fbid=918611456287683&set=a.287849549363880,Ruyanto,2023-09-06T10:37:34.000Z,Bantu donk ka 😀😀🙏,Spam,
https://www.facebook.com/photo/?fbid=918611456287683&set=a.287849549363880,Malik Kurnya Kurnya,2023-09-02T13:31:54.000Z,Photobaik,Spam,
https://www.facebook.com/photo/?fbid=918611456287683&set=a.287849549363880,Fatimah Tamba,2023-09-01T00:50:53.000Z,Mantap keren,Ham,
https://www.facebook.com/photo/?fbid=918611456287683&set=a.287849549363880,Rendy,2023-09-01T04:34:07.000Z,cakep,Ham,
https://www.facebook.com/photo/?fbid=918611456287683&set=a.287849549363880,Hengky Oktavianto,2023-08-31T20:08:38.000Z,Alhamdulillah aa Raffi Ahmadd,Spam,
https://www.facebook.com/photo/?fbid=918611456287683&set=a.287849549363880,Mochyusuf,2023-09-05T23:59:20.000Z,Yang penting kang rafi di perhatikan jeng,Spam,
https://www.facebook.com/photo/?fbid=918611456287683&set=a.287849549363880,Wiwi Hendarsih,2023-09-06T04:03:33.000Z,Kakak Raffatar...dah besar niih...pasti dah pinter ngajak Adik Rayyanza main....tuh...mirip Mamah juga ❤❤😍😍👍👍,Ham,
https://www.facebook.com/photo/?fbid=918611456287683&set=a.287849549363880,Ucengr,2023-09-06T21:36:39.000Z,Harmunisnya,Ham,
https://www.facebook.com/photo/?fbid=918611456287683&set=a.287849549363880,Endangruminingsih,2023-08-31T15:31:57.000Z,Tambah lgi baby mbk gigi... Kl bisa baby wanita,Spam,
https://www.facebook.com/photo/?fbid=918611456287683&set=a.287849549363880,Panglima Ringkin,2023-09-03T04:25:55.000Z,Coba kalau org miskin mana ada yg like,Spam,
https://www.facebook.com/photo/?fbid=918611456287683&set=a.287849549363880,Ogen Sport,2023-09-04T11:11:10.000Z,Love love rafatar,Ham,
https://www.facebook.com/photo/?fbid=918611456287683&set=a.287849549363880,Danco Mfia,2023-09-02T01:02:06.000Z,Sultan sih tapii jangan ngaku sultan kalau gak bisaa ngasih kerjaan orang yg gak ber ijasah,Spam,
https://www.facebook.com/photo/?fbid=918611456287683&set=a.287849549363880,Adesetiawan,2023-09-08T07:08:10.000Z,Hallo ganteng ❤️,Ham,
https://www.facebook.com/photo/?fbid=918611456287683&set=a.287849549363880,DhEyruss,2023-08-31T15:26:37.000Z,Hello kakak,Ham,
https://www.facebook.com/photo/?fbid=918611456287683&set=a.287849549363880,Nur Zein,2023-09-06T11:44:13.000Z,Semoga sehat buat keluarga neng Nagita sama AA Rafi sekeluarga,Ham,
https://www.facebook.com/photo/?fbid=918611456287683&set=a.287849549363880,Susi Rismiyani,2023-09-03T14:23:36.000Z,"Susi
Semoga.sehat selalu.
Pada minggu.suka balas",Spam,
https://www.facebook.com/photo/?fbid=918611456287683&set=a.287849549363880,Al Reza,2023-09-06T03:28:36.000Z,Mirip banget ya😍😍,Ham,
https://www.facebook.com/photo/?fbid=918611456287683&set=a.287849549363880,Lilis,2023-09-06T13:56:26.000Z,Semoga sehat selalu tambah rekzky ya say 🙏,Ham,
https://www.facebook.com/photo/?fbid=918611456287683&set=a.287849549363880,VJ Gleinne Mamesah,2023-09-07T00:10:24.000Z,Puteh² ya 🤍,Ham,
https://www.facebook.com/photo/?fbid=918611456287683&set=a.287849549363880,Kang Ujang Ujang,2023-09-07T10:21:50.000Z,"Sehat aa panjang umur ya.
Semoga jadi anak  yang soleh
Sayang sama orang tua selamanya.",Ham,
https://www.facebook.com/photo/?fbid=918611456287683&set=a.287849549363880,Maminah Maminah,2023-09-04T11:38:57.000Z,Raffi Ahmadd,Spam,
https://www.facebook.com/photo/?fbid=918611456287683&set=a.287849549363880,Martha Martha,2023-08-31T15:26:49.000Z,"Ya Sangat Senang Mem punya AA Sudah Tambah Besar dan Ganteng Selamat ya mem, Salam Sehat Selalu buat Sekeluarga Amiiiin.",Ham,
https://www.facebook.com/photo/?fbid=918611456287683&set=a.287849549363880,Tumi Tum,2023-09-01T07:37:55.000Z,Zym2,Spam,
https://www.facebook.com/photo/?fbid=918611456287683&set=a.287849549363880,Budi Anto,2023-08-31T16:03:12.000Z,Raffi Ahmad,Spam,
https://www.facebook.com/photo/?fbid=918611456287683&set=a.287849549363880,Dedek,2023-09-01T12:19:44.000Z,Mantap,Ham,
https://www.facebook.com/photo/?fbid=918611456287683&set=a.287849549363880,Irna Nurul Kamilah,2023-08-31T15:40:54.000Z,Cantik,Ham,
https://www.facebook.com/photo/?fbid=918611456287683&set=a.287849549363880,Wandaaja,2023-09-06T07:25:45.000Z,Assalamualaikum.bos Rafi dan bos mbk nagita.mohon izin.sapa tau ad yg membutuh kan jasa serfis AC nya.bongkar pasang AC.cuci AC dll wa.082183921203.jabodetabek.🙏🙏,Spam,
https://www.facebook.com/photo/?fbid=918611456287683&set=a.287849549363880,محمد ديكري,2023-09-01T08:18:55.000Z,Jan cat artists nyeleb,Spam,
https://www.facebook.com/photo/?fbid=918611456287683&set=a.287849549363880,Apria Ansyah,2023-08-31T15:27:12.000Z,Bantu dong,Spam,
https://www.facebook.com/photo/?fbid=918611456287683&set=a.287849549363880,Mng'virman Putra Pasundan,2023-08-31T17:13:21.000Z,Fatin Sidqia Lubis,Spam,
https://www.facebook.com/photo/?fbid=918611456287683&set=a.287849549363880,Putu Darsana,2023-09-02T08:53:33.000Z,Madu Pandawa 77,Spam,
https://www.facebook.com/photo/?fbid=918611456287683&set=a.287849549363880,Siti Fatimah,2023-09-06T08:19:56.000Z,Semoga sukses selalu dan selalu dlm lindungan Allah SWT Amiiin,Ham,
https://www.facebook.com/photo/?fbid=918611456287683&set=a.287849549363880,Permata Al Aqso Sayba,2023-08-31T22:44:17.000Z,Masya Allah gnteng dn cntik snyum ny sm2 mnis ny mg sht sllu MB ggi seklwrga,Ham,
https://www.facebook.com/photo/?fbid=918611456287683&set=a.287849549363880,Siti Sumiyati,2023-09-06T04:01:58.000Z,Aa Rafatar smg sht sll Aamiin Yra,Ham,
https://www.facebook.com/photo/?fbid=918611456287683&set=a.287849549363880,Choirul Huda,2023-09-05T20:31:05.000Z,Pagi sehat bosku semoga selalu dlm lindungan Alloh🤲🤲🤲👍❤️🙏,Ham,
https://www.facebook.com/photo/?fbid=918611456287683&set=a.287849549363880,Muhamad S,2023-09-02T03:03:17.000Z,Mantap smga Allah sll memberi kesehatan,Ham,
https://www.facebook.com/photo/?fbid=918611456287683&set=a.287849549363880,Munjiyah,2023-09-01T03:32:02.000Z,"Semoga keluarga Aa Rafi dan mba gigi slalu sehat dan bahagia, diberi kelancaran Rizqi yg melimpah  halal dan jg berkah Aamiiin",Ham,
https://www.facebook.com/photo/?fbid=918611456287683&set=a.287849549363880,Suheri Aditama,2023-08-31T15:52:29.000Z,Selamat malam mbak GiGi dan Abang Rafathar ? Semoga dalam keadaan sehat selalu dalam lindungan Allah SWT.  Amiin.,Ham,
https://www.facebook.com/photo/?fbid=918611456287683&set=a.287849549363880,Misnah Misnah Misnah Misnah,2023-09-03T13:01:49.000Z,Mantap ini mamahnya cantik anaknya hemsem sehat selalu tuhan memberkati 🙏👍🥰🇲🇾🇲🇾💯💯,Ham,
https://www.facebook.com/photo/?fbid=918611456287683&set=a.287849549363880,Nurhayati Ati,2023-09-01T21:16:34.000Z,sehat selalu amin,Ham,
https://www.facebook.com/photo/?fbid=918611456287683&set=a.287849549363880,Ana Yanti,2023-09-01T14:20:54.000Z,Semoga sehat selalu mama gigi,Ham,
https://www.facebook.com/photo/?fbid=918611456287683&set=a.287849549363880,Astuti Amiruddin Alwi,2023-08-31T19:30:48.000Z,😀😀😘😘😘😍😍❤️❤️ ibu dan anak mirip sukses dan sehat selalu amin,Ham,
https://www.facebook.com/photo/?fbid=918611456287683&set=a.287849549363880,Ani Sumarni,2023-09-06T08:13:36.000Z,"Assalamualaikum wr wb
Seneng banget lihat mmh gigi 
Aa Rafatar semoga sehat selalu bersama seluruh klwarganya Aamiin",Ham,
https://www.facebook.com/photo/?fbid=918611456287683&set=a.287849549363880,Silvy Kusuma,2023-09-05T23:01:52.000Z,Mami cantik Gigi sm Aa Rafatar salam sehat & sukses selalu God Bless You,Ham,
https://www.facebook.com/photo/?fbid=918611456287683&set=a.287849549363880,Nengtet,2023-09-01T13:04:13.000Z,Keluarga sejatra sehat selalu mama gigi,Ham,
https://www.facebook.com/photo/?fbid=918611456287683&set=a.287849549363880,Arifia Afifah Ifah,2023-08-31T15:23:21.000Z,Masyaallah 🥰🥰 sehat slalu ya 🤲🤲,Ham,
https://www.facebook.com/photo/?fbid=918611456287683&set=a.287849549363880,Nursimah Agus,2023-09-06T07:36:08.000Z,Semoga sehat slalu Rafatar🙏🙏,Ham,
https://www.facebook.com/photo/?fbid=918611456287683&set=a.287849549363880,Marthina Tangkidi,2023-09-06T04:41:42.000Z,"Mohon do,anya, semoga kita semua dlam lindugan yg kuasa, Amin.🙏",Ham,
https://www.facebook.com/photo/?fbid=918611456287683&set=a.287849549363880,Sarmalina Julvina Kartutu,2023-09-05T22:35:42.000Z,Sehat sllu dan jadi kluarga yg sllu berbagi kasih ntuk sesama,Ham,
https://www.facebook.com/photo/?fbid=918611456287683&set=a.287849549363880,Mamaa Wati,2023-09-01T14:42:42.000Z,Rafatar sehat selalu yaa,Ham,
https://www.facebook.com/photo/?fbid=918611456287683&set=a.287849549363880,Mey Andra Nuban,2023-09-01T12:05:46.000Z,Sehat selalu mama gigi dan kelurganya,Ham,
https://www.facebook.com/photo/?fbid=918611456287683&set=a.287849549363880,Mbah Uty Uty,2023-09-01T01:47:21.000Z,"Kok siganteng Aa Rafattar sipit ya..., 🥰🥰🥰 semoga sehat selalu. 🤲🤲🤲",Ham,
https://www.facebook.com/photo/?fbid=918611456287683&set=a.287849549363880,Yuliani Sunu,2023-08-31T21:49:59.000Z,Sehat selalu ya...❤❤❤❤🙏,Ham,
https://www.facebook.com/photo/?fbid=918611456287683&set=a.287849549363880,Adeliane Pak Kasidi,2023-09-05T13:36:49.000Z,Semoga sehat dan tambah sukses 💖,Ham,
https://www.facebook.com/photo/?fbid=918611456287683&set=a.287849549363880,Tuti Arum,2023-09-05T06:26:52.000Z,SMG sll sehatt,Ham,
https://www.facebook.com/photo/?fbid=918611456287683&set=a.287849549363880,Pepy Anggoro,2023-09-04T03:53:54.000Z,Sakit stroke bantu kami berobat gk punya biaya amin. Mksh,Spam,
https://www.facebook.com/photo/?fbid=918611456287683&set=a.287849549363880,Indah Wahyuni,2023-08-31T22:54:25.000Z,bahagia trus mama gigi .....,Ham,
https://www.facebook.com/photo/?fbid=918611456287683&set=a.287849549363880,Mamath Ichwan,2023-09-08T03:05:22.000Z,"Assallamua""llaikm smga rafi dn sklrg mga sllu seht dn sllu ad dlm lindungn allah swt amiin amiin",Ham,
https://www.facebook.com/photo/?fbid=918611456287683&set=a.287849549363880,Nur Sutiss,2023-09-06T23:36:52.000Z,"Semoga kluarga aa Rafi shat  pnjang umur""Amin Allahuma Amin",Ham,
https://www.facebook.com/photo/?fbid=918611456287683&set=a.287849549363880,Ju Minah,2023-09-06T14:44:57.000Z,"Semoga Sehat "" Sukses Selalu Aamiinn Aamiinn Aamiinn 🤲🤲",Ham,
https://www.facebook.com/photo/?fbid=918611456287683&set=a.287849549363880,Saidah Eman,2023-09-02T07:00:22.000Z,Amin Amin yaroballalamin,Spam,
https://www.facebook.com/photo/?fbid=918611456287683&set=a.287849549363880,Ya Yati,2023-09-06T10:43:02.000Z,Salam sehat dr sy sukses selalu Rafif Alfa Risqi Rafif,Spam,
https://www.facebook.com/photo/?fbid=918611456287683&set=a.287849549363880,Sukamti,2023-09-01T00:46:06.000Z,"Halo assalamualaikum mat pagi , ganteng tenan Rafatar semoga sehat selalu buat kalian semua 👍👍👍",Ham,
https://www.facebook.com/photo/?fbid=918611456287683&set=a.287849549363880,Ai Suryani Suryani,2023-09-06T16:39:57.000Z,semoga selalu bersama buat keluarga kk Rafi Ahmad sukses selalu,Ham,
https://www.facebook.com/photo/?fbid=918611456287683&set=a.287849549363880,Katarinesiane,2023-09-06T13:25:21.000Z,Benar atau hoax,Spam,
https://www.facebook.com/photo/?fbid=918611456287683&set=a.287849549363880,Papahrizky,2023-09-03T22:32:52.000Z,segala puji bagi allah swt yang telah menciptakan mu,Ham,
https://www.facebook.com/photo/?fbid=918611456287683&set=a.287849549363880,Isty,2023-09-02T06:16:17.000Z,"A, umur hanyalah angka.
Bisa mreuunn digaskeun 😉",Spam,
https://www.facebook.com/photo/?fbid=918611456287683&set=a.287849549363880,Anggraini Anggraini,2023-09-01T11:48:53.000Z,"Cakep nya AA Rafatar , sehat slu ya Aa dan mamah nya 🥰🥰🥰",Ham,
https://www.facebook.com/photo/?fbid=918611456287683&set=a.287849549363880,Yossy Bambang,2023-08-31T16:31:18.000Z,"AMAL SOLEH, RAF..!?",Spam,
https://www.facebook.com/photo/?fbid=918611456287683&set=a.287849549363880,Waty Amy Waty Waty,2023-08-31T15:22:18.000Z,Jangan lupa senyum bahagia My Boy😁🥰,Ham,
https://www.facebook.com/photo/?fbid=918611456287683&set=a.287849549363880,Hajah Chairiah,2023-09-01T03:27:14.000Z,Mama sama anak sama keren nya.  Sehat selalu ya,Ham,
https://www.facebook.com/photo/?fbid=918611456287683&set=a.287849549363880,Kartika Tika,2023-08-31T19:00:13.000Z,Hai.  Kluarga   sultan  andaraxxsemua   semoga  sehat  panjang. Umurmu  semua. Dandilancarkan  urusanmu  bisnismu. Semua   semua  tambah  berjaya  dunia  akherat  manusia  baeik  tetap  unggul  hidupmu  ygbertambah  bagus  semuanya amin 3,Ham,
https://www.facebook.com/photo/?fbid=918611456287683&set=a.287849549363880,Septina Miskin,2023-09-07T17:50:40.000Z,Semoga mma PP dan adik sehat selalu ya🙏🙏,Ham,
https://www.facebook.com/photo/?fbid=918611456287683&set=a.287849549363880,Muhamad Nur,2023-09-06T07:54:03.000Z,Alhamdulillah berkah sekeluarga 🤲🤲🤲🇲🇨,Ham,
https://www.facebook.com/photo/?fbid=918611456287683&set=a.287849549363880,Amang Irman,2023-09-06T12:50:39.000Z,Dg baik sd yg mau,Spam,
https://www.facebook.com/photo/?fbid=918611456287683&set=a.287849549363880,Frrengkky Rengkky,2023-08-31T22:45:08.000Z,untuk Nagita dan👍👍🤗🤗🌼🌾🌻🌟✌🏼,Spam,
https://www.facebook.com/photo/?fbid=918611456287683&set=a.287849549363880,Bundy Nazril,2023-08-31T19:19:29.000Z,"Sehat selalu mba Gita sama a'a💪💪💪
,",Ham,
https://www.facebook.com/photo/?fbid=918611456287683&set=a.287849549363880,Ayipz Assalafiyah,2023-08-31T17:36:11.000Z,Assalamualaikum semoga kalian diberikan lancar usahanya barokah,Ham,
https://www.facebook.com/photo/?fbid=918611456287683&set=a.287849549363880,Irma Wati,2023-08-31T15:14:40.000Z,Amin🥰😍😃,Spam,
https://www.facebook.com/photo/?fbid=918611456287683&set=a.287849549363880,Amang Irman,2023-09-06T12:50:04.000Z,Dg yg lain aja ya,Spam,
https://www.facebook.com/photo/?fbid=918611456287683&set=a.287849549363880,Atikah Muklar,2023-09-02T02:04:08.000Z,Gantengnya,Ham,
https://www.facebook.com/photo/?fbid=918611456287683&set=a.287849549363880,Aceng Saeful Maarif,2023-09-01T01:57:22.000Z,- keren ..really iiiit ... ... 👍👍👍👍...,Spam,
https://www.facebook.com/photo/?fbid=918611456287683&set=a.287849549363880,CafeAbang,2023-08-31T16:07:47.000Z,Karya dari Kantong Asoy,Spam,
https://www.facebook.com/photo/?fbid=918611456287683&set=a.287849549363880,Kevin Argana Fernanda,2023-09-07T11:54:48.000Z,Tante gigi memang cantik,Ham,
https://www.facebook.com/photo/?fbid=918611456287683&set=a.287849549363880,Tobing Mayulu,2023-09-04T02:30:05.000Z,"Asli,. Mirip",Ham,
https://www.facebook.com/photo/?fbid=918611456287683&set=a.287849549363880,Ida Nyoman,2023-09-01T16:13:10.000Z,Ini anak gak bisa apa2 .    Alias bodoh dan tolol,Ham,
https://www.facebook.com/photo/?fbid=918611456287683&set=a.287849549363880,Mitscel,2023-09-03T04:20:37.000Z,maoboti😄😄😄,Spam,
https://www.facebook.com/photo/?fbid=918611456287683&set=a.287849549363880,Berta Angelica,2023-09-01T00:44:04.000Z,Anak korea 😊,Ham,
https://www.facebook.com/photo/?fbid=918611456287683&set=a.287849549363880,Mpah Luthfi - new,2023-09-06T12:18:52.000Z,Bodku,Spam,
https://www.facebook.com/photo/?fbid=918611456287683&set=a.287849549363880,Ella,2023-09-06T11:32:46.000Z,Mirip yachhh🫶,Ham,
https://www.facebook.com/photo/?fbid=918611456287683&set=a.287849549363880,Ai Garsel,2023-09-03T12:36:14.000Z,Si tempan,Ham,
https://www.facebook.com/photo/?fbid=918611456287683&set=a.287849549363880,Syiefa Nayla Azzahra,2023-08-31T16:12:51.000Z,shopee.co.id/azqia_caffe,Spam,
https://www.facebook.com/photo/?fbid=918611456287683&set=a.287849549363880,Nur Aini,2023-09-05T23:59:55.000Z,Pagi...ganteng.  ....dah sarapan. Blum??,Ham,
https://www.facebook.com/photo/?fbid=918611456287683&set=a.287849549363880,Anang,2023-09-05T22:52:49.000Z,Semoga sehat selalu Rafatar Malik Ahmad,Ham,
https://www.facebook.com/photo/?fbid=918611456287683&set=a.287849549363880,Tuti Sanyoto,2023-09-03T06:50:42.000Z,Aduh menggemaskan deh dua2nya👍😍,Ham,
https://www.facebook.com/photo/?fbid=918611456287683&set=a.287849549363880,Novi Putri Chania,2023-09-02T13:36:15.000Z,Ganteng😊,Ham,
https://www.facebook.com/photo/?fbid=918611456287683&set=a.287849549363880,Isnawati,2023-09-02T06:37:09.000Z,Mirip banget,Ham,
https://www.facebook.com/photo/?fbid=918611456287683&set=a.287849549363880,Moza Agustina,2023-09-01T15:02:34.000Z,AA Rafatar makin keren en ganteng bgt❤️❤️❤️❤️,Ham,
https://www.facebook.com/photo/?fbid=918611456287683&set=a.287849549363880,Muhammad Iksan,2023-09-01T02:24:48.000Z,Ini benar program bosku ya mbak,Spam,
https://www.facebook.com/photo/?fbid=918611456287683&set=a.287849549363880,Agus Sulistiono,2023-08-31T16:41:45.000Z,Wow keren,Ham,
https://www.facebook.com/photo/?fbid=918611456287683&set=a.287849549363880,Jontit Jontit Jontit Cuplis,2023-08-31T15:49:46.000Z,Wow keren,Ham,
https://www.facebook.com/photo/?fbid=918611456287683&set=a.287849549363880,Mikayla Hafizah Anggara,2023-09-02T01:48:17.000Z,Butuh loker kerja donk aa rafi,Spam,
https://www.facebook.com/photo/?fbid=918611456287683&set=a.287849549363880,Siti Zhullaikha Sys,2023-09-01T07:38:48.000Z,Sehat selalu mama gigi dan keluarga,Ham,
https://www.facebook.com/photo/?fbid=918611456287683&set=a.287849549363880,Kumala Sari,2023-08-31T15:19:44.000Z,Ganteng banget,Ham,
https://www.facebook.com/photo/?fbid=918611456287683&set=a.287849549363880,Syam Sllu,2023-09-01T04:32:59.000Z,Punya kaga gitu coba,Spam,
https://www.facebook.com/photo/?fbid=918611456287683&set=a.287849549363880,Nur Aida,2023-09-01T04:09:38.000Z,Mirip mamanya,Ham,
https://www.facebook.com/photo/?fbid=918611456287683&set=a.287849549363880,Ida Reksonegoro,2023-08-31T18:16:16.000Z,Plek,Spam,
https://www.facebook.com/photo/?fbid=918611456287683&set=a.287849549363880,Buluk Ari,2023-08-31T17:49:24.000Z,mantap👍,Ham,
https://www.facebook.com/photo/?fbid=918611456287683&set=a.287849549363880,Andhi Irawan,2023-08-31T15:52:46.000Z,Hendrawan Sigit Armadaa Dzulfian Adriano de Limmaa Anjas Asmaraa Bisma Vndrzz Eno Wibowoo Heigar Raksasaa,Spam,
https://www.facebook.com/photo/?fbid=918611456287683&set=a.287849549363880,Noviyanti,2023-09-01T01:18:23.000Z,ganteng😍,Ham,
https://www.facebook.com/photo/?fbid=918611456287683&set=a.287849549363880,Bramakumbara Bramakumbara,2023-09-07T10:14:50.000Z,loker donk bos Raffi Ahmad,Spam,
https://www.facebook.com/photo/?fbid=918611456287683&set=a.287849549363880,Steven,2023-09-01T12:55:12.000Z,"🇲🇨🇲🇨🇲🇨🇲🇨🇲🇨🇲🇨🇲🇨🇲🇨🇲🇨🇲🇨🇲🇨🇲🇨🇲🇨
BOBOT BIBIT BEBET yang BERSIH, UNGGUL dan TERBAIK

Salam Indonesia Damai, Sejahtera, Adil dan Beradab dengan Pemimpin yang JUJUR & BERSIH, Amanah & Peduli, berKualitas & berPrestasi

Kami semua berdoa dan sangat berharap.. Semoga Pak Anis Rasyid Baswedan yang akan menjadi Presiden Thn 2024 nanti, beliau adalah CUCU dari Seorang PAHLAWAN INDONESIA🇲🇨

Pak Anis Baswedan orang yang Jujur dan Amanah, Berbudi luhur sopan santun dan rendah hati, ikhlas dan sabar, Pintar dan Cerdas berwawasan luas, Penolong dan peduli merakyat, Berprestasi didalam dan luar Negeri, Merangkul kebersamaan lintas Agama, Perekat kebangsaan dalam kebhinekaan dan cinta NKRI🇲🇨

Pak Anis Baswedan adalah Pemimpin yang BERSIH dan sebagai Teladan CIVIL SOCIETY LEADERSHIP yang ANTI KKN serta menegakkan Hukum dan HAM🇲🇨

Pak Anis Baswedan TIDAK KORUPSI dan tidak terlibat suatu kasus apapun, sehingga nyaris SEMPURNA TANPA CACAT🇲🇨

Pak Anis Baswedan seorang AKADEMISI berjiwa PEJUANG MERAH PUTIH tanpa pamrih untuk menjadikan Indonesia Jaya yang : Damai, sejahtera, adil dan beradab dalam Kebersamaan dan Persatuan NKRI🇲🇨

Pak Anis Baswedan adalah ANUGERAH dari TUHAN YME untuk Indonesia yang sangat luar biasa dan kita butuhkan untuk Memimpin, membangun, mensejahterakan Indonesia dengan Damai Adil dan Beradab dalam kebersamaan demi kedaulatan NKRI dan Pancasila🇲🇨

Bravooo Pak Anis Rasyid Baswedan.. CUCU dari PAHLAWAN NKRI... TIDAK PALSU TIPU² karena jelas Silsilah keturunan dan keluarganya nya, jelas ijazah dan pendidikan nya, jelas guru² dan teman² seperjuangan nya, dan jelas Karier, Record, Prestasi, Kwalitas dan integritas nya.. 
Pak Anis Baswedan SUDAH TERBUKTI Joooosss LUAR BIASA.......
Merdekaaaaa🇲🇨💪👍💥🤝🙏🇲🇨

FAKTA :
# Hanya Pak Anis yang BERSIH, JUJUR dan AMANAH.
# Hanya Pak Anis yang BOBOT BIBIT BEBET nya unggul dan TERBAIK.
🙏🤝🙏🤝🙏🤝🙏🤝🙏🤝🙏🤝🙏",Spam,
https://www.facebook.com/photo/?fbid=918611456287683&set=a.287849549363880,Herdian Setiadi,2023-08-31T15:22:34.000Z,Gigi menunjukkan gigi bareng rafathar yang unjuk gigi,Ham,
https://www.facebook.com/photo/?fbid=918611456287683&set=a.287849549363880,Azizah Nurman,2023-09-03T02:21:02.000Z,semoga sehat selalu sekeluarga😍😍😍,Ham,
https://www.facebook.com/photo/?fbid=918611456287683&set=a.287849549363880,Arjuna Dinigrat,2023-08-31T23:48:02.000Z,The best ..jangan lupa foolow aq juga giss 😅😅,Spam,
https://www.facebook.com/photo/?fbid=918611456287683&set=a.287849549363880,Ahmad Sajumi,2023-09-01T03:16:32.000Z,Assalamualaikum...adakah disini yang mau berbagi... memberikan Al Qur'an.untu di daerah kami...kalau ada silahkan inbok.untuk di wilayah Banten Serang .padarincang,Spam,
https://www.facebook.com/photo/?fbid=918611456287683&set=a.287849549363880,Hairil Purnomo,2023-09-06T11:14:22.000Z,Semoga sehat selalu. Aamiin...,Ham,
https://www.facebook.com/photo/?fbid=918611456287683&set=a.287849549363880,Putra Kowo,2023-09-06T07:49:33.000Z,Sehat selalu mama gigi dan  bang  Raffi Ahmad 😍😍😍😍😍😍,Ham,
https://www.facebook.com/photo/?fbid=918611456287683&set=a.287849549363880,Yanni Moray,2023-09-06T02:36:25.000Z,Semoga sehat selalu di berkati Tuhan,Ham,
https://www.facebook.com/photo/?fbid=918611456287683&set=a.287849549363880,Liora,2023-09-04T01:13:56.000Z,"Kami sangat berharap bantuan dn dukungan dr bapak dn Ibu, kondisi keperluan bahan Pokok dn keperluan Baby Sudah mulai menipis dn Anak2 5 orng tidak menggunakan Pempres lagi. Kami sangat berharap bantuan dari BPK dn Ibu.

Sekali lagi Terimakasih banyak 🙏🙏🙏🙏
Wa: 081396399879

Utk Berdonasi bisa Klik' link di bawah /. Bio

https://kitabisa.com/campaign/sedekahuntuk30oranganakyatimpantiasuhan?utm_source=socialsharing_donor_web_null&utm_medium=share_campaign_copas&utm_campaign=share_detail_campaign

Kitabisa 
Inspiratif 
galang dana, donasi 
Open Donasi Bersama (ODB) KITA PEDULI 
Orangbaik",Spam,
https://www.facebook.com/photo/?fbid=918611456287683&set=a.287849549363880,Komang Agus,2023-09-02T05:40:24.000Z,https://youtube.com/shorts/pzV0kQe1bng?si=L9pb2bB3ye4SKICA,Spam,
https://www.facebook.com/photo/?fbid=918611456287683&set=a.287849549363880,Ie Khiun Sin,2023-09-01T12:27:01.000Z,https://www.facebook.com/profile.php?id=100081928548708,Spam,
https://www.facebook.com/photo/?fbid=918611456287683&set=a.287849549363880,Luwiyah Rahayu Yah,2023-09-06T00:38:56.000Z,"Cantik nya , semoga sehat selalu",Ham,
https://www.facebook.com/photo/?fbid=918611456287683&set=a.287849549363880,Siti Mardiyah,2023-09-04T10:13:40.000Z,"HADIAH MAXWIN :
Maxwin 1 juta s/d 5 juta = Bonus Tambahan 2 juta
Maxwin 6 juta s/d 20juta = Bonus Tambahan 5 juta
Maxwin 40 juta s/d 399 juta = Bonus Tambahan 10 juta
🏛𝐏𝐑𝐎𝐒𝐄𝐒 𝐃𝐄𝐏𝐎 𝐃𝐀𝐍 𝐖𝐃 𝟑 𝐌𝐄𝐍𝐈𝐓 𝐒𝐄𝐋𝐄𝐒𝐀𝐈!!
🏧 𝐌𝐢𝐧𝐢𝐦𝐚𝐥 𝐝𝐞𝐩𝐨 𝟏𝟎𝐑𝐛 / 𝐖𝐢𝐭𝐡𝐝𝐫𝐚𝐰 𝟓𝟎𝐫𝐛
🏧 𝐀𝐋𝐋 𝐁𝐀𝐍𝐊/𝐌𝐁𝐊𝐈𝐍𝐆
☎️𝐏𝐔𝐋𝐒𝐀  : 𝐓𝐄𝐋𝐊𝐎𝐌𝐒𝐄𝐋 / 𝐗𝐋 ( 𝐓𝐀𝐍𝐏𝐀 𝐏𝐎𝐓𝐎𝐍𝐆𝐀𝐍 𝟏𝟎𝟎% )
🏛𝐏𝐑𝐎𝐒𝐄𝐒 𝐃𝐄𝐏𝐎 𝐃𝐀𝐍 𝐖𝐃 𝟑 𝐌𝐄𝐍𝐈𝐓 𝐒𝐄𝐋𝐄𝐒𝐀𝐈
Link Daftar : https://shorturl.at/tuzH4",Spam,
https://www.facebook.com/photo/?fbid=918611456287683&set=a.287849549363880,Kuching Kuching,2023-09-04T08:48:20.000Z,"Ehh lu itu buron tahu wajib di hukum mati sebab lu tandingan udh berbuat benalu ke suatu aktifitas Islamiyah, ehh jadi fakir ga lu agar yg shaddiq di sisi Allah nyaman berasal dari harta lu semua dan lu fakir. 

Coba abisin duit lu kasih ke fakir agar nyaman dan ga berbuat zalim para penganut Islam",Spam,
https://www.facebook.com/photo/?fbid=918611456287683&set=a.287849549363880,Anita Zahra,2023-09-04T04:10:24.000Z,"[ SITUS TERPERCAYA & RESMI OFFICIAL ]

Game Tersedia : 
* SLOT 
* POKER 
* TOGEL 
* TembakIkan
* Casino

Promo Aktif :
- Deposit 
- Garansi Kekalahan
- Bonus Mingguan

Link Daftar Situs Gacor & Group Claim Bonus Dibawah ini : 
https://heylink.me/bigklik.tech/

#bigklik #freebet #situsgacor #maxwin #dirgahayuindonesia #agustus #slotmaxwin #indonesia #bigklikgacor",Spam,
https://www.facebook.com/photo/?fbid=918611456287683&set=a.287849549363880,Umar Lubita,2023-09-04T00:17:30.000Z,"NENG4D BO YANG RAMAI DI INCAR GACOR,DAN SEDANG VIRALNYA NIKMATI BERBAGAI EVENT MENARIK DARI KAMI
COBA BERMAIN DENGAN NENG4D JAMIN 100% JP, BURUAN JANGAN SAMPAI KELEWATAN 
------------------------------------------------------------------------

🔥🔥🔥 𝗗𝗘𝗣𝗢𝗦𝗜𝗧 𝗣𝗨𝗟𝗦𝗔 𝗧𝗔𝗡𝗣𝗔 𝗣𝗢𝗧𝗢𝗡𝗚𝗔𝗡 🔥🔥🔥
🔥 MIN DEPOSIT 1.000
🔥 MIN WITHDRAW 20.000
🔥 BONUS DEPOSIT HARIAN 10%
🔥 BONUS CASHBACK MINGGUAN UP TO 25%
🔥 BONUS ROLLINGAN (HADIAH UTAMA TOYOTA ALPHARD)
🔥 EVENT DAN PROMO MENARIK LAINNYA
🔥 EVENT LUCKYWHEEL (HADIAH UTAMA AVANZA NEW & IPHONE 14PROMAX)
✅ PELAYANAN TERBAIK SEASIA

✅ BERLAKU UNTUK SEMUA MEMBER 
✅ DEPOSIT VIA DANA, OVO, GOPAY, LINKAJA 
==========================================

TERSEDIA PERMAINAN TERGACOR NO SETINGAN
- TOGEL
- SLOT GAMES (TERBAIK)
- CASINO LIVE
- TEMBAK IKAN
- SPORTS BOOK SABA
- SABUNG AYAM WS168

info lebih alengkap bisa hubungi WA kami

WA : +6281264828511

KETIK LINK KAMI : https://neng4d,day
(ubah tanda koma jadi tanda titik)

❤️ 𝗛𝗔𝗡𝗬𝗔 neng4d � 𝗬𝗔𝗡𝗚 𝗠𝗘𝗡𝗚𝗘𝗥𝗧𝗜  𝗞𝗘𝗕𝗨𝗧𝗨𝗛𝗔𝗡 𝗠𝗘𝗠𝗕𝗘𝗥𝗡𝗬𝗔.
𝗥𝗔𝗦𝗔𝗞𝗔𝗡 𝗞𝗘𝗡𝗬𝗔𝗠𝗔𝗡𝗔𝗡 𝗕𝗘𝗥𝗦𝗔𝗠𝗔 𝗞𝗔𝗠𝗜 neng4dNENG4D BO YANG RAMAI DI INCAR GACOR,DAN SEDANG VIRALNYA NIKMATI BERBAGAI EVENT MENARIK DARI KAMI
COBA BERMAIN DENGAN NENG4D JAMIN 100% JP, BURUAN JANGAN SAMPAI KELEWATANNENG4D BO YANG RAMAI DI INCAR GACOR,DAN SEDANG VIRALNYA NIKMATI BERBAGAI EVENT MENARIK DARI KAMI
NENG4D BO YANG RAMAI DI INCAR GACOR,DAN SEDANG VIRALNYA NIKMATI BERBAGAI EVENT MENARIK DARI KAMI
COBA BERMAIN DENGAN NENG4D JAMIN 100% JP, BURUAN JANGAN SAMPAI KELEWATAN",Spam,
https://www.facebook.com/photo/?fbid=918611456287683&set=a.287849549363880,Ress Dhs,2023-09-03T06:52:55.000Z,Wow 󱢏,Ham,
https://www.facebook.com/photo/?fbid=918611456287683&set=a.287849549363880,Hazu Miu,2023-09-02T23:26:57.000Z,"🔥🔥🔥🔥 SEDANG HITS & VIRAL!!! 🔥🔥🔥🔥
🔥🔥🔥 HADIAH TOGEL 100% TERBESAR 🔥🔥🔥
🔥🔥 𝗗𝗘𝗣𝗢𝗦𝗜𝗧 𝗣𝗨𝗟𝗦𝗔 𝗧𝗔𝗡𝗣𝗔 𝗣𝗢𝗧𝗢𝗡𝗚𝗔𝗡 🔥🔥
🔥 MINIMAL DEPOSIT HANYA Rp 1.000
🔥 BONUS NEW MEMBER 20% 
🔥 BONUS DEPOSIT HARIAN 10%
🔥 BONUS CASHBACK MINGGUAN UP TO 15%
🔥 BONUS ROLLINGAN ( HADIAH UTAMA TOYOTA ALPHARD)
🔥 EVENT DAN PROMO MENARIK LAINNYA
✅ PELAYANAN TERBAIK SEASIA
✅ BERLAKU UNTUK SEMUA MEMBER 
✅ DEPOSIT VIA DANA, OVO, GOPAY, LINKAJA 
==========================================

TERSEDIA PERMAINAN TERGACOR NO SETINGAN
- TOGEL
- SLOT GAMES (TERBAIK)
- CASINO LIVE
- TEMBAK IKAN
- SPORTS BOOK SABA

info lebih lengkap bisa hubungi WA kami
𝐖𝐀 :  +6287848723657

❤️ 𝗛𝗔𝗡𝗬𝗔 SAWER4D  𝗬𝗔𝗡𝗚 𝗠𝗘𝗡𝗚𝗘𝗥𝗧𝗜  𝗞𝗘𝗕𝗨𝗧𝗨𝗛𝗔𝗡 𝗠𝗘𝗠𝗕𝗘𝗥𝗡𝗬𝗔.
𝗥𝗔𝗦𝗔𝗞𝗔𝗡 𝗞𝗘𝗡𝗬𝗔𝗠𝗔𝗡𝗔𝗡 𝗕𝗘𝗥𝗦𝗔𝗠𝗔 𝗞𝗔𝗠𝗜 SAWER4D ❤️

UNTUK AKSES LEBIH MUDAH LANSUNG KETIK  SAWER4D DI GOOGLE BOSKU",Spam,
https://www.facebook.com/photo/?fbid=918611456287683&set=a.287849549363880,Mas Jowo,2023-09-02T08:23:25.000Z,Saling support,Spam,
https://www.facebook.com/photo/?fbid=918611456287683&set=a.287849549363880,Salsa Denia,2023-09-01T23:17:45.000Z,"LAWU4DINFO SLOT GACOR ! MAHJONG WAYS2 96%, STARLIGHT PRINCESS RTP UP TO 95% , BONUS DEPOSIT KHUSUS NEW MEMBER SLOT 50%, DEPO PULSA TANPA POTONGAN !LAWU : Link : https://s.id/1PLrd
https://wa.me/85514249354",Spam,
https://www.facebook.com/photo/?fbid=918611456287683&set=a.287849549363880,Aman Jager,2023-09-01T07:34:28.000Z,"Ini novel yang luar biasa untukmu:""SISTEM GILA MUSIK"" 🌟🌟🌟🌟🌟 Ayo, periksa sekarang.
https://www.fizzo.org/page/share/?bid=7755375237247532286&isNew=1&from=copy_link&group=2&d=5807416864786839293&u=7964083544294929662&language=id®ion=ID",Spam,
https://www.facebook.com/photo/?fbid=918611456287683&set=a.287849549363880,Salsa Eyelashes,2023-09-01T03:29:28.000Z,"Permisi ka saya ingin menawarkan bulu mata palsu dengan berbagai model:
👉Natural
👉3d
👉tiplas
👉dublelash
Melayani grosir dan eceran, pengiriman dari Purbalingga. Bayar setelah barang sampai (COD)",Spam,
https://www.facebook.com/photo/?fbid=918611456287683&set=a.287849549363880,Willem Bacht II,2023-09-01T01:30:17.000Z,Join live Gamis murahnya bun ada promonya https://vt.tiktok.com/ZSLWK9dj1,Spam,
https://www.facebook.com/photo/?fbid=918611456287683&set=a.287849549363880,Jasa Edit,2023-09-01T01:02:24.000Z,"Yuk yang mau EDIT FOTO VIDEO & DESAIN silahkan❤
wa.me/6281235067836",Spam,
https://www.facebook.com/photo/?fbid=918611456287683&set=a.287849549363880,Webe Weto,2023-09-01T01:02:02.000Z,Sip,Spam,
https://www.facebook.com/photo/?fbid=918611456287683&set=a.287849549363880,Sito Dana,2023-08-31T18:50:48.000Z,Awesome👍,Spam,
https://www.facebook.com/photo/?fbid=918611456287683&set=a.287849549363880,Phoer Wanto Sawa,2023-08-31T15:46:17.000Z,Goid nice👍🤲🏿,Spam,
https://www.facebook.com/photo/?fbid=918611456287683&set=a.287849549363880,Amran Lababolipito,2023-08-31T15:30:17.000Z,Kalau tidak tgl soreh itu aku suruh orang antar aku masuk di dapur mu jumpa bidadari ku kamu terkejut oh?,Spam,
https://www.facebook.com/photo/?fbid=918611456287683&set=a.287849549363880,Muhamad Robi,2023-08-31T15:13:52.000Z,Jangan Liat CERITA GW A😂😂😂,Spam,
https://www.facebook.com/photo/?fbid=918611456287683&set=a.287849549363880,Masbram Madura,2023-09-06T08:54:25.000Z,Mantaaaaaaaaaaapppp,Ham,
https://www.facebook.com/photo/?fbid=918611456287683&set=a.287849549363880,Harimau Sumatra Kaleng,2023-09-03T12:13:25.000Z,Ok bos kecil,Spam,
https://www.facebook.com/photo/?fbid=918611456287683&set=a.287849549363880,IlyasAm,2023-09-02T00:57:56.000Z,"Mampir ngab, kali aja ada postingan yang lhu suka. 😉🎼🎸

https://www.facebook.com/MusisiCikajangProject",Spam,
https://www.facebook.com/photo/?fbid=918611456287683&set=a.287849549363880,Hi Nda,2023-09-01T16:24:35.000Z,rifitirrrrr😋🤏,Spam,
https://www.facebook.com/photo/?fbid=918611456287683&set=a.287849549363880,Yatini Anja,2023-09-01T07:30:15.000Z,Eah ma gigi,Spam,
https://www.facebook.com/photo/?fbid=918611456287683&set=a.287849549363880,Pagarnusa Karangpenang,2023-09-01T03:07:36.000Z,Apakah ini benar ya ak,Spam,
https://www.facebook.com/photo/?fbid=918611456287683&set=a.287849549363880,Eci Ees,2023-09-01T02:39:11.000Z,https://tokopedia.link/BFT7zfObJCb,Spam,
https://www.facebook.com/photo/?fbid=918611456287683&set=a.287849549363880,Sarah Purnamasari,2023-09-01T02:28:42.000Z,"Bosan dirumah? tidak ada penghasilan ? pengangguran ? Sini join dengan kami aja buat dapat cuan yang banyak gunakan waktu luang anda untuk mendapatkan penghasilan di perusahaan kami, hanya bermodalkan waktu dan handphone anda bisa bergabung 

""SEMUA NYA BISA BERGABUNG DAN TIDAK ADA HALANGAN UMUR YA""

minat : wa.me/62895403172532",Spam,
https://www.facebook.com/photo/?fbid=918611456287683&set=a.287849549363880,Ikal Haikal,2023-09-01T00:36:54.000Z,Bfjdmx,Spam,
https://www.facebook.com/photo/?fbid=918611456287683&set=a.287849549363880,Husnia Nurul,2023-08-31T23:12:46.000Z,"Mirip banget 😍

Mba gigi,rafathar,Cipung mirip semua juga 😍",Ham,
https://www.facebook.com/photo/?fbid=918611456287683&set=a.287849549363880,Satrio Haryo Bimo,2023-08-31T22:51:30.000Z,Fi..,Spam,
https://www.facebook.com/photo/?fbid=918611456287683&set=a.287849549363880,Mulya Nengsih,2023-08-31T22:08:39.000Z,"🔥🔥 SLOT TERGACOR SEPANJANG MASA 🔥🔥

🤑🤑 EVENT TERBANYAK, BONUS TERBANYAK

 🤑🤑
🤩🤩 PROMO TERBANYAK DAN DAPATKAN HINGGA RATUSAN JUTA 🤩🤩
💰💰 WITHDARW 100% DIBAYAR TANPA POTONGAN 💰💰
🤵🏻‍♀️🤵🏻‍♀️ PELAYANAN RAMAH DAN TERBAIK 🤵🏻‍♀️🤵🏻‍♀️
==========================================
➡️💰 DEPOSIT PULSA TANPA POTONGAN 🔥🔥
➡️💰 BONUS DEPOSIT 5% 🔥🔥
➡️💷 BONUS CASHBACK MINGGUAN UP TO 15% 🔥🔥
➡️🚗 BONUS ROLLINGAN TIAP BULAN ( HADIAH IPHONE12,MOBIL HONDA MOBILIO ) 🔥🔥
➡️🤑 EXTRA BONUS FREESPIN DAN BUY SPIN (KLAIM SEGERA) 🔥🔥
➡️🆕 BONUS SPECIAL MIX PARLAY ( HOT PROMO,PROMO BARU ) 🔥🔥
➡️🆕 BONUS AZTEC UP TO 80% 🔥🔥
➡️🆕 BONUS KOIGATE UP TO 600.000 🔥🔥
==========================================
TERSEDIA PERMAINAN TERGACOR NO SETINGAN
- TOGEL
- SLOT GAMES (TERBAIK)
- CASINO LIVE
- TEMBAK IKAN
- SPORTS BOOK SABA DAN SBOBET (TERBARU)

BURUAN DAN MENANGKAN RATUSAN JUTA RUPIAH
info lebih lengkap bisa hubungi WA kami
𝐖𝐀 : +62 85921351511
❤️ 𝗛𝗔𝗡𝗬𝗔 𝗞𝗔𝗡𝗚𝗧𝗢𝗧𝗢 𝗬𝗔𝗡𝗚 𝗠𝗘𝗡𝗚𝗘𝗥𝗧𝗜  𝗞𝗘𝗕𝗨𝗧𝗨𝗛𝗔𝗡 𝗠𝗘𝗠𝗕𝗘𝗥𝗡𝗬𝗔.
𝗥𝗔𝗦𝗔𝗞𝗔𝗡 𝗞𝗘𝗡𝗬𝗔𝗠𝗔𝗡𝗔𝗡 𝗕𝗘𝗥𝗦𝗔𝗠𝗔 𝗞𝗔𝗠𝗜 𝗞𝗔𝗡𝗚𝗧𝗢𝗧𝗢 ❤️

UNTUK AKSES LEBIH MUDAH LANSUNG KETIK  𝗞𝗔𝗡𝗚𝗧𝗢𝗧𝗢  DI GOOGLE BOSKU)

Salam Jackpot Salam Kangtoto Akangku 💥💥",Spam,
https://www.facebook.com/photo/?fbid=918611456287683&set=a.287849549363880,Sepriono,2023-08-31T20:58:06.000Z,Mbak gigi vs rapintar,Spam,
https://www.facebook.com/photo/?fbid=918611456287683&set=a.287849549363880,Rafida Sunarti,2023-08-31T20:22:02.000Z,"2 anak laki2,kl aq mah 3 perempuan semua",Spam,
https://www.facebook.com/photo/?fbid=918611456287683&set=a.287849549363880,Fitria Ulafah,2023-08-31T20:06:28.000Z,"GACOR DI SITUS DAGET777 SAWER BOSS

Lagi Sebar Duit lewat DANA Kaget nih! Cuma buat kamu yang paling gesit,sikat sekarang
https://link-dana-kaget.recomendsi.my.id/",Spam,
